atc,2001,,That feels good!,aah,UH
atc,2001,,Partner of oohed,aahed,VBD
atc,2001,,Dentist's-chair comments,aahs,NNS
atc,2001,,Oohs' followers,aahs,NNS
atc,2001,,Pleasurable sounds,aahs,NNS
atc,2001,,Sounds of contentment,aahs,NNS
atc,2001,,Sounds of delight,aahs,NNS
atc,2001,,Christopher Robin's Dad,aamilne,NNP
atc,2001,,Alpine stream,aar,NNP
atc,2001,,Rhine feeder,aar,NNP
atc,2001,,Bern's river,aare,NNP
atc,2001,,River to the Rhine,aare,NNP
atc,2001,,Swiss flower,aare,NNP
atc,2001,,Swiss river,aare,NNP
atc,2001,,___ Spelling,aaron,NNP
atc,2001,,Hammerin' Hank,aaron,NNP
atc,2001,,Composer Copland,aaron,NNP
atc,2001,,Hammerin' Hank,aaron,NNP
atc,2001,,Hammerin' Hank,aaron,NNP
atc,2001,,Home run champ Henry,aaron,NNP
atc,2001,,Tori's dad,aaron,NNP
atc,2001,,"TV producer, Spelling",aaron,NNP
atc,2001,,Some batteries,aas,NNS
atc,2001,,Walkman batteries,aas,NNS
atc,2001,,Sports org.,aau,NNP
atc,2001,,Arab garment,aba,FW
atc,2001,,Arabian garment,aba,FW
atc,2001,,Attorney's org.,aba,NNP
atc,2001,,JD's org.,aba,NNP
atc,2001,,Judge Judy's org.,aba,NNP
atc,2001,,Lawyers' org.,aba,NNP
atc,1997,,Litigator's group,aba,NNP
atc,2001,,Onetime hoop gr.,aba,NNP
atc,2001,,Early counters,abaci,NNS
atc,2001,,Original computers,abaci,NNS
atc,2001,,Toward the stern,abaft,JJ
atc,2001,,Leave in the lurch,abandon,VB
atc,2001,,Nomadic vests,abas,FW
atc,2001,,Humble,abase,VB
atc,2001,,Discompose,abash,VB
atc,2001,,Disconcert,abash,VB
atc,2001,,Destroys one's confidence,abashes,VBZ
atc,2001,,Die down,abate,VB
atc,2001,,Diminish,abate,VB
atc,2001,,Subsided,abated,VBD
atc,2001,,Dancing Queen band,abba,NNP
atc,2001,,Fernando band,abba,NNP
atc,2001,,S.O.S. singers,abba,NNP
atc,2001,,Take a Chance on Me singers,abba,NNP
atc,2001,,Swedish rock group,abba,NNP
atc,2001,,Swedish rockers,abba,NNP
atc,2001,,Lane of song,abbe,NNP
atc,2001,,Singer Lane,abbe,NNP
atc,2001,,"Singer, _____ Lane",abbe,NNP
atc,2001,,French clerics,abbes,FW
atc,2001,,Monks' milieus,abbeys,NNS
atc,2001,,Monastery bigwig,abbot,NN
atc,2001,,Monastery head,abbot,NN
atc,2003,,She's a dear,abby,NNP
atc,2001,,Lois & Clark network,abc,NNP
atc,2001,,Regis' network,abc,NNP
atc,2001,,1860's White House name,abe,NNP
atc,2001,,Burrows of the theater,abe,NNP
atc,2001,,Deadpan Vigoda,abe,NNP
atc,2001,,Former Justice Fortas,abe,NNP
atc,2001,,Honest prez,abe,NNP
atc,2001,,Jurist Fortas,abe,NNP
atc,2001,,Justice Fortas,abe,NNP
atc,2001,,Saperstein of the Basketball Hall of Fame,abe,NNP
atc,2001,,The fin man?,abe,NNP
atc,2001,,In dreamland,abed,JJ
atc,2001,,In the land of Nod,abed,JJ
atc,2001,,In the sack,abed,JJ
atc,2001,,Dutch navigator Tasman,abel,NNP
atc,2001,,First victim,abel,NNP
atc,2001,,Labor leader I. W.____,abel,NNP
atc,2001,,Emancipator from Nebraska?,abelincoln,NNP
atc,2001,,Burrows and Lincoln,abes,NNPS
atc,2001,,Burrows and Saperstein,abes,NNPS
atc,2001,,Lincoln and Vigoda,abes,NNPS
atc,2001,,Act as accomplice,abet,VB
atc,2001,,Aid nefariously,abet,VB
atc,2001,,Aid's partner,abet,VB
atc,2001,,"Drive the getaway car, e.g.",abet,VB
atc,2001,,Encourage,abet,VB
atc,2001,,Have a hand in,abet,VB
atc,2001,,Help,abet,VB
atc,2001,,Help a hood,abet,VB
atc,2001,,Help with a heist,abet,VB
atc,2001,,Help with a holdup,abet,VB
atc,1999,,Detest,abhor,VB
atc,2001,,Detest,abhor,VB
atc,2001,,Have no use for,abhor,VB
atc,1998,,Loathe,abhor,VB
atc,2001,,Loathe,abhor,VB
atc,2001,,Loathe,abhor,VB
atc,2001,,Stand for,abide,VB
atc,1998,,Put up with,abided,VBD
atc,2001,,Put up with,abided,VBD
atc,2001,,Puts up with,abides,VBZ
atc,2001,,Beau of 55D,abie,NNP
atc,2001,,Irish Rose lover,abie,NNP
atc,2001,,Rose's guy,abie,NNP
atc,2001,,Competent,able,JJ
atc,2001,,Confident,able,JJ
atc,2001,,Having the needed resources,able,JJ
atc,2001,,Qualified,able,JJ
atc,2001,,Ready and willing's companion,able,JJ
atc,2001,,Talented,able,JJ
atc,2001,,Up to the job,able,JJ
atc,2001,,Up to the task,able,JJ
atc,2001,,More qualified,abler,JJR
atc,2001,,More talented,abler,JJR
atc,2001,,In a competent way,ably,RB
atc,2001,,With skill,ably,RB
atc,2001,,Capp character,abner,NNP
atc,2001,,Digs,abode,NN
atc,2001,,Domicile,abode,NN
atc,2001,,Habitat,abode,NN
atc,2001,,Residence,abode,NN
atc,2001,,Where you live,abode,NN
atc,2001,,Dwellings,abodes,NNS
atc,2001,,Do away with,abolish,VB
atc,2001,,Wipe out,abolish,VB
atc,2001,,"Subject of ""Fat Man and Little Boy""",abomb,NN
atc,2001,,Terminate prematurely,abort,VB
atc,2001,,Hunt's poetic hero,abou,NNP
atc,2001,,Teem,abound,VB
atc,2001,,Close to,about,IN
atc,2001,,Concerned with,about,IN
atc,2001,,Exceeding,above,IN
atc,2001,,Heavenward,above,IN
atc,2001,,Over's partner,above,IN
atc,2001,,Upstairs,above,IN
atc,2001,,Rub the wrong way?,abrade,VB
atc,2001,,Use a pumice stone,abrade,VB
atc,2001,,Burnished,abraded,VBD
atc,2001,,Quebec's Plains of __,abraham,NNP
atc,2001,,Condensed (as text),abridged,VBN
atc,2001,,Bodybuilder's concern,abs,NNS
atc,2001,,Certain muscles,abs,NNS
atc,2001,,Crunches strengthen them,abs,NNS
atc,2001,,Iron pumper's pride,abs,NNS
atc,2001,,Keeps away,absents,VBZ
atc,2001,,Refrain,abstain,VB
atc,2001,,Preposterous,absurd,JJ
atc,2001,,__ Dhabi,abu,NNP
atc,2002,,Snug as ___ in a rug,abug,NN
atc,2001,,Assails verbally,abuses,VBZ
atc,2001,,Border on,abut,VB
atc,2001,,Touch at one end,abut,VB
atc,2001,,Touch on,abut,VB
atc,1998,,Bottomless pit,abyss,NN
atc,2001,,Immeasurable depth,abyss,NN
atc,2001,,Mimosa family member,acacia,NN
atc,2001,,Sch.,acad,NN
atc,2001,,"West Point, e.g.",acad,NN
atc,1998,,Professors and the like,academia,NN
atc,2001,,Mite,acarid,NN
atc,2001,,Eastern sports gr.,acc,NNP
atc,2001,,Gave in,acceded,VBD
atc,2001,,Gives consent,accedes,VBZ
atc,2001,,Received admittance,accessed,VBD
atc,2001,,Gets via the Net,accesses,VBZ
atc,2001,,Rave review,accolade,NN
atc,2001,,Kudos,accolades,NNS
atc,2001,,Honda model,accord,NNP
atc,2001,,Portable keyboard instruments,accordions,NNS
atc,2001,,Buttonhole,accost,VB
atc,2001,,Entice,accost,VB
atc,2001,,Confronts,accosts,VBZ
atc,2003,,Capital of Ghana,accra,NNP
atc,2001,,Largest city in Ghana,accra,NNP
atc,2001,,CPA,acct,NN
atc,2004,,Passbook abbr.,acct,NN
atc,2001,,What to make a dep. into,acct,NN
atc,2001,,Find fault with,accuse,VB
atc,2001,,Point the finger at,accuse,VB
atc,2001,,Current choices,acdc,NN
atc,2001,,Electrical option,acdc,NN
atc,2001,,Duffer's dream,ace,NN
atc,2001,,Early phone feature,ace,NN
atc,2001,,Excellent serve,ace,NN
atc,2001,,Expert,ace,NN
atc,2003,,Great service?,ace,NN
atc,2001,,King beater,ace,NN
atc,2001,,Top card,ace,NN
atc,2001,,Got a great mark on,aced,VBD
atc,2001,,Got the better of,aced,VBD
atc,2001,,Lucked out on the links,aced,VBD
atc,2001,,Passed easily,aced,VBD
atc,2001,,Scored a 1 on,aced,VBD
atc,2001,,Scored on serve,aced,VBD
atc,2003,,Served well?,aced,VBD
atc,2003,,Tart-tasting,acerb,JJ
atc,2001,,Dead Man's Hand pair,aces,NNS
atc,1998,,Gets a perfect score on,aces,VBZ
atc,2001,,High cards,aces,NNS
atc,2001,,Old pros,aces,NNS
atc,2001,,Sampras sizzlers,aces,NNS
atc,2001,,Serve scores,aces,NNS
atc,2001,,Top cards,aces,NNS
atc,2001,,You might find them up a sleeve,aces,NNS
atc,2001,,Containing vinegar,acetic,JJ
atc,2001,,Bavarian scream,ach,FW
atc,2001,,Innsbruck interjection,ach,FW
atc,2001,,Exercise aftermath,ache,NN
atc,2001,,Feel painful,ache,VB
atc,1999,,Head starter,ache,NN
atc,2001,,Hurt bad,ache,VB
atc,2001,,Need aspirin?,ache,VB
atc,2001,,Recover from a marathon,ache,VB
atc,2001,,Tylenol target,ache,NN
atc,2001,,Yearning,ache,NN
atc,2001,,Needed liniment,ached,VBN
atc,1999,,Needs liniment,aches,VBZ
atc,2001,,Pains' partner,aches,NNS
atc,2001,,Yearns,aches,VBZ
atc,2001,,Feel sore,aching,VBG
atc,2001,,God bless you precursor,achoo,UH
atc,2001,,Sneeze sound,achoo,UH
atc,2001,,"Eight, in Munich",acht,FW
atc,2001,,Sore,achy,JJ
atc,2001,,Bitter,acid,JJ
atc,2001,,Citric ____,acid,NN
atc,2001,,Corrosive liquid,acid,NN
atc,2001,,Etcher's need,acid,NN
atc,2001,,Etching fluid,acid,NN
atc,2001,,Etching solution,acid,NN
atc,2001,,Tangy,acid,JJ
atc,2001,,Emulating Pete Sampras,acing,VBG
atc,2001,,Scoring on serve,acing,VBG
atc,2001,,Civil rights org.,aclu,NNP
atc,2001,,Rights org.,aclu,NNP
atc,2001,,Rights org.,aclu,NNP
atc,2001,,Rts. defender since 1920,aclu,NNP
atc,2001,,High point,acme,NN
atc,2001,,Wile E. Coyote's supplier,acme,NNP
atc,2001,,Wile E. Coyote's supplier,acme,NNP
atc,1998,,Zenith,acme,NN
atc,2001,,Zenith,acme,NN
atc,2001,,Zenith,acme,NN
atc,2001,,High points,acmes,NNS
atc,2001,,Teen marker,acne,NN
atc,2001,,Teen woe,acne,NN
atc,2001,,Oak starter,acorn,NN
atc,2001,,Type of squash,acorn,NN
atc,2001,,About 4047 square meters,acre,NN
atc,2001,,Field piece,acre,NN
atc,2001,,Field unit,acre,NN
atc,2001,,Land measure,acre,NN
atc,2001,,Land-parcel piece,acre,NN
atc,2001,,Lot measure,acre,NN
atc,2001,,One of the lower forty,acre,NN
atc,2001,,Plottage,acre,NN
atc,2001,,Real-estate ad word,acre,NN
atc,2001,,Real-estate measure,acre,NN
atc,2001,,Section section,acre,NN
atc,2001,,Subdivision unit,acre,NN
atc,2001,,Wide expanse,acre,NN
atc,2001,,Units of area,acres,NNS
atc,2001,,Unpleasantly pungent,acrid,JJ
atc,2001,,Unlike this,across,IN
atc,2001,,Behave,act,VB
atc,2001,,Circus routine,act,NN
atc,2001,,Do something,act,VB
atc,2001,,Opera division,act,NN
atc,2001,,Play part,act,NN
atc,2001,,Play the part,act,VB
atc,2001,,Statute,act,NN
atc,1998,,Entr'__,acte,FW
atc,2001,,Hammed it up,acted,VBD
atc,2001,,Hit the big screen,acted,VBD
atc,2001,,Officiated,acted,VBD
atc,2001,,Took a role,acted,VBD
atc,2001,,Took measures,acted,VBD
atc,2001,,Pituitary hormone,acth,NN
atc,2001,,Opera opener,acti,NN
atc,2001,,Play beginning,acti,NN
atc,2001,,Play opener,acti,NN
atc,2001,,Play opening,acti,NN
atc,2001,,In office as a stopgap,acting,VBG
atc,2001,,Director's word,action,NN
atc,2001,,On the go,active,JJ
atc,2001,,Boston suburb,acton,NNP
atc,2001,,Take the bull by the horns,acton,VB
atc,2001,,Man of parts,actor,NN
atc,2001,,"Meryl Streep, to the politically correct",actor,NN
atc,2001,,Performer,actor,NN
atc,2001,,SAG member,actor,NN
atc,1997,,Thespian,actor,NN
atc,2001,,SAG members,actors,NNS
atc,2001,,Play charades,actout,VB
atc,2001,,Bible book,acts,NNP
atc,2001,,Bible book,acts,NNP
atc,2001,,Hams it up,acts,VBZ
atc,2001,,Play parts,acts,NNS
atc,2001,,Takes the stage,acts,VBZ
atc,2001,,Honest-to-goodness,actual,JJ
atc,2001,,Put into motion,actuate,VB
atc,2001,,Malfunction,actup,VB
atc,2001,,Misbehave,actup,VB
atc,2001,,Sharpness,acuity,NN
atc,2001,,Keenness of judgment,acumen,NN
atc,2001,,Integra maker,acura,NNP
atc,2001,,Legend maker,acura,NNP
atc,2001,,Severe and sharp,acute,JJ
atc,2001,,City in Oklahoma,ada,NNP
atc,2001,,Critic Huxtable,ada,NNP
atc,2001,,Louise Huxtable,ada,NNP
atc,2001,,Nabokov novel,ada,NNP
atc,2001,,Palindromic city,ada,NNP
atc,2001,,Palindromic computer language,ada,NNP
atc,2001,,Periodontist's gr.,ada,NNP
atc,1998,,Axiom,adage,NN
atc,2001,,Pithy saying,adage,NN
atc,2001,,Proverb,adage,NN
atc,2001,,Saying,adage,NN
atc,2001,,Maxims,adages,NNS
atc,2001,,Saws,adages,NNS
atc,2001,,Slower than andante,adagio,FW
atc,2001,,Robin of song,adair,NNP
atc,2001,,__ Clayton Powell Jr.,adam,NNP
atc,2001,,Ant on MTV,adam,NNP
atc,2001,,Economist Smith,adam,NNP
atc,2001,,First of men,adam,NNP
atc,2001,,One of the Cartwright boys,adam,NNP
atc,2001,,One of the Ponderosa boys,adam,NNP
atc,2001,,"West of ""Batman""",adam,NNP
atc,2001,,First Lady Abigail,adams,NNP
atc,2001,,John or John Q.,adams,NNPS
atc,2001,,Photographer Ansel,adams,NNP
atc,2001,,Bell town,adano,NNP
atc,2001,,Hersey bell town,adano,NNP
atc,2001,,Hersey title word,adano,NNP
atc,2001,,Hersey town,adano,NNP
atc,2001,,Conform,adapt,VB
atc,2004,,Cope with change,adapt,VB
atc,2001,,Make suitable,adapt,VB
atc,2001,,Makes adjustments,adapts,VBZ
atc,2001,,Month after Shevat,adar,FW
atc,2001,,Shebat follower,adar,FW
atc,2001,,Sixth month of the Hebrew calendar,adar,FW
atc,2001,,Get sum?,add,VB
atc,2001,,Recipe word,add,VB
atc,2001,,Stick on,add,VB
atc,2001,,Sum up,add,VB
atc,2001,,Supplement,add,VB
atc,2001,,Tack on,add,VB
atc,2001,,Tally,add,VB
atc,2001,,Total,add,VB
atc,2001,,Tote up,add,VB
atc,2001,,Extra __ attraction,added,VBN
atc,2001,,Found the sum of,added,VBD
atc,2001,,Calculator input,addend,NN
atc,2001,,Supplement,addendum,NN
atc,2001,,Supplement to a book,addendum,NN
atc,2001,,Calculating snake?,adder,NN
atc,2001,,Harmless crawler,adder,NN
atc,2001,,Confuse,addle,VB
atc,2001,,Confuse,addle,VB
atc,2001,,Increase,addon,VB
atc,2001,,Practices Chisanbop,adds,VBZ
atc,2001,,Tacks on,adds,VBZ
atc,2001,,Throws in,adds,VBZ
atc,2001,,The College Widow author,ade,NNP
atc,2001,,Author George,ade,NNP
atc,2001,,Fruit drink,ade,NN
atc,2001,,Fruity quaff,ade,NN
atc,1998,,Humorist George,ade,NNP
atc,2001,,Lemon drink,ade,NN
atc,2001,,Punch relative,ade,NN
atc,2001,,Sidewalk-stand product,ade,NN
atc,2001,,Summer cooler,ade,NN
atc,2001,,Summer quaff,ade,NN
atc,2001,,Sweetened beverage,ade,NN
atc,2001,,__ Rogers St. Johns,adela,NNP
atc,2001,,A Passage To India character,adela,NNP
atc,2001,,Daughter of William the Conqueror,adela,NNP
atc,2001,,Journalist Rogers St. Johns,adela,NNP
atc,2001,,Writer St. John,adela,NNP
atc,2001,,An Astaire,adele,NNP
atc,2001,,Fashion's Simpson,adele,NNP
atc,2001,,Food author Davis,adele,NNP
atc,2001,,Fred Astaire's sister,adele,NNP
atc,2001,,Fred's sister,adele,NNP
atc,2001,,Arabian gulf,aden,NNP
atc,2001,,Arabian Sea gulf,aden,NNP
atc,2001,,Asian gulf,aden,NNP
atc,2001,,Mideast gulf,aden,NNP
atc,2001,,Yemeni port,aden,NNP
atc,2001,,Proficient,adept,JJ
atc,2001,,Shows advanced skill,adept,JJ
atc,2001,,Skillful,adept,JJ
atc,2001,,Hot-weather quenchers,ades,NNS
atc,2001,,Lime drinks,ades,NNS
atc,1997,,Summer coolers,ades,NNS
atc,2001,,Summer quaffs,ades,NNS
atc,2001,,Summer quenchers,ades,NNS
atc,2001,,Stick,adhere,VB
atc,2001,,For a specific purpose,adhoc,JJ
atc,2001,,Type of committee,adhoc,JJ
atc,2001,,"Bye-bye, Brigitte",adieu,FW
atc,2001,,Amiens farewell!,adieu,FW
atc,2001,,"Farewell, to Francoise",adieu,FW
atc,2001,,Parting word,adieu,FW
atc,2001,,Tours ta-ta,adieu,FW
atc,2001,,Farewells,adieus,FW
atc,2002,,Deuce follower,adin,NN
atc,2001,,Baja bye-bye,adios,FW
atc,2001,,So long in San Juan,adios,FW
atc,2001,,"So long, senor",adios,FW
atc,2001,,Tampico ta-ta,adios,FW
atc,2001,,Pt. of speech,adj,NN
atc,2001,,Fine-tune,adjust,VB
atc,2001,,Tweak,adjust,VB
atc,2001,,Dwight's two-time opponent,adlai,NNP
atc,2001,,Politico Stevenson,adlai,NNP
atc,2001,,Austrian psychiatrist Alfred,adler,NNP
atc,2001,,Luther of stage,adler,NNP
atc,2001,,Do some improv,adlib,VB
atc,2001,,Make it up as you go,adlib,VB
atc,2001,,Off-the-cuff,adlib,VB
atc,2001,,USN flag officer,adm,NN
atc,2001,,Clio earners,admen,NNS
atc,2001,,Madison Avenue-types,admen,NNS
atc,2001,,Access,admission,NN
atc,2001,,Fess up,admit,VB
atc,2001,,Own up to,admit,VB
atc,2001,,High ranking naval personnel,adms,NNS
atc,2001,,Busy and useless activity,ado,NN
atc,2001,,Fuss,ado,NN
atc,2001,,Hornet's nest,ado,NN
atc,2001,,Pother,ado,NN
atc,2001,,Pother,ado,NN
atc,2001,,Uproar,ado,NN
atc,2001,,Upset,ado,NN
atc,2001,,Cliff-dweller's abode,adobe,NN
atc,2001,,Pueblo building material,adobe,NN
atc,2001,,Take as one's own,adopt,VB
atc,2001,,Be ga-ga over,adore,VB
atc,2001,,Be mad about,adore,VB
atc,2001,,Cherish,adore,VB
atc,2001,,Idolize,adore,VB
atc,2001,,Idolize,adore,VB
atc,2001,,Like a lot,adore,VB
atc,2001,,Only have eyes for,adore,VB
atc,2001,,Really fancy,adore,VB
atc,2001,,Revere,adore,VB
atc,2001,,Worship,adore,VB
atc,2001,,Old actress Renee,adoree,NNP
atc,2001,,Infatuated one,adorer,NN
atc,2001,,Regarding with devotion,adoring,VBG
atc,2001,,Decorate,adorn,VB
atc,2001,,Dress up,adorn,VB
atc,2001,,Tree trimmer,adorner,NN
atc,2001,,Commotions,ados,NNS
atc,2000,,Fusses,ados,NNS
atc,2001,,Hubbubs,ados,NNS
atc,2001,,Troubles,ados,NNS
atc,2001,,Name of six popes,adrian,NNP
atc,2001,,Directionless,adrift,JJ
atc,2001,,Skillful,adroit,JJ
atc,2001,,After-deuce points,ads,NNS
atc,2001,,Circular filler,ads,NNS
atc,2001,,Classified info.,ads,NNS
atc,2001,,Classified material?,ads,NNS
atc,2001,,Commercials,ads,NNS
atc,2001,,Madison Avenue output,ads,NNS
atc,2001,,Many magazine pages,ads,NNS
atc,2001,,Matchbook come-ons,ads,NNS
atc,2001,,Newspaper revenue,ads,NNS
atc,2001,,"Personals, e.g.",ads,NNS
atc,2001,,Radio plugs,ads,NNS
atc,2001,,"Reader's Digest lack, until 1955",ads,NNS
atc,2001,,Sale notices,ads,NNS
atc,2001,,Sandwich-board notices,ads,NNS
atc,2001,,"Together, musically",adue,JJ
atc,2001,,Legal-age attainers,adults,NNS
atc,2001,,Burned,adust,JJ
atc,2001,,Detrimental,adverse,JJ
atc,2001,,Kitchen cabinet member,advisor,NN
atc,2001,,Wood dresser,adz,NN
atc,2001,,Wood-shop tool,adz,NN
atc,2001,,Woodworking tool,adz,NN
atc,2001,,GIZMO,adze,NN
atc,2001,,Wood dresser,adze,NN
atc,2001,,Wood-shaping tool,adze,NN
atc,2001,,Axlike tools,adzes,NNS
atc,2001,,Yellow-fever mosquito,aedes,NN
atc,2001,,Arm of the Mediterranean,aegean,NNP
atc,2001,,Protection,aegis,NN
atc,2001,,Legendary Trojan,aeneas,NNP
atc,2003,,God of the winds,aeolus,NNP
atc,2001,,"A long, long time",aeon,NN
atc,2001,,Age,aeon,NN
atc,2002,,An indefinitely long period of time,aeon,NN
atc,2001,,Eternity,aeon,NN
atc,2001,,Many a millennium,aeon,NN
atc,2001,,__ Lingus,aer,NNP
atc,2001,,__ Lingus (Irish airline),aer,NNP
atc,2001,,Charge with gas,aerate,VB
atc,2001,,Fill with fizz,aerate,VB
atc,2001,,Make fizzy,aerate,VB
atc,2001,,Put in fizz,aerate,VB
atc,2001,,Antenna,aerial,NN
atc,2001,,Eaglet's home,aerie,NN
atc,2001,,Lofty abode,aerie,NN
atc,2001,,Onetime Houston hockey team,aeros,NNP
atc,2001,,Type of spray,aerosol,NN
atc,2001,,1952 election monogram,aes,NNP
atc,2001,,HST's hopeful successor,aes,NNP
atc,2001,,Loser to DDE,aes,NNP
atc,2001,,Famous fabulist,aesop,NNP
atc,2001,,Big name in insurance,aetna,NNP
atc,2001,,HMO provider,aetna,NNP
atc,2001,,A great distance,afar,RB
atc,2001,,Father's robes,afar,RB
atc,2001,,From a distance,afar,RB
atc,2001,,In the distance,afar,RB
atc,2001,,Way off,afar,RB
atc,2001,,"Way, way off",afar,RB
atc,2001,,Whence the lovelorn worship,afar,RB
atc,2001,,Worshiper's distance?,afar,RB
atc,2001,,Yonder,afar,RB
atc,2001,,Patriots' org.,afc,NNP
atc,2001,,Forbidden romance,affair,NN
atc,2001,,They may be current or foreign,affairs,NNS
atc,2001,,Fasten,affix,VB
atc,2001,,Be able to pay the cost of,afford,VB
atc,2001,,Brawl,affray,NN
atc,2004,,Free-for-all,affray,NN
atc,2001,,Flaming,afire,JJ
atc,2001,,In flames,afire,JJ
atc,2001,,Lit,afire,JJ
atc,2001,,"CIO's counterpart, until 1955",afl,NNP
atc,2001,,Union letters,afl,NNP
atc,2001,,Burning,aflame,JJ
atc,2001,,Cruising,afloat,JJ
atc,2001,,Previous to,afore,IN
atc,2001,,Shivering in one's shoes,afraid,JJ
atc,2001,,Big 'do,afro,NN
atc,1998,,Bushy hairstyle,afro,NN
atc,2001,,Curly coif,afro,NN
atc,2001,,Frizzy 'do,afro,NN
atc,1997,,Head of hair,afro,NN
atc,2001,,High hairdos,afros,NNS
atc,2001,,Rounded coifs,afros,NNS
atc,2001,,Eve. preceder,aft,NN
atc,2001,,Swabbie's rear,aft,NN
atc,1998,,Behind in place,after,IN
atc,2001,,Behind in place,after,IN
atc,2001,,Following,after,IN
atc,2001,,Later on,after,IN
atc,2001,,Begum's spouse,aga,FW
atc,2001,,Turkish title,aga,FW
atc,2001,,Turkish VIP,aga,FW
atc,2001,,Anew,again,RB
atc,2001,,In return,again,RB
atc,2001,,Cords of wool which hold the kaffiyeh,agal,FW
atc,2001,,Iguana,agama,NN
atc,2001,,Tropical lizard,agama,NN
atc,2001,,Capital of Guam,agana,NNP
atc,2001,,Guam capital,agana,NNP
atc,2001,,In a state of amazement,agape,JJ
atc,2001,,In a state of wonder,agape,JJ
atc,2001,,Alga extract,agar,NN
atc,2001,,Culture medium,agar,NN
atc,2001,,Food stabilizer,agar,NN
atc,2001,,Gel agent,agar,NN
atc,2001,,Gel agent,agar,NN
atc,2001,,John of 67A,agar,NNP
atc,2001,,Lab medium,agar,NN
atc,2001,,Seaweed substance,agar,NN
atc,2001,,Turkish bigwigs,agas,FW
atc,2001,,Turkish leaders,agas,FW
atc,2001,,Andre of tennis,agassi,NNP
atc,2001,,"Our Gang prop, sometimes",agate,NN
atc,2001,,Banded gem,agate,NN
atc,2001,,Chalcedony,agate,NN
atc,1997,,Quartz,agate,NN
atc,2001,,Marbles,agates,NNS
atc,2001,,Playing marbles,agates,NNS
atc,2001,,Century plant,agave,NN
atc,2001,,Rope material,agave,NN
atc,2001,,"39, to Benny",age,NN
atc,2001,,Biographical datum,age,NN
atc,2001,,Candles tell this,age,NN
atc,2001,,Fine wine attribute,age,NN
atc,2001,,"Get wrinkled, in a way",age,VB
atc,2001,,Go gray,age,VB
atc,2001,,Have another birthday,age,VB
atc,2001,,Mature,age,VB
atc,2001,,Mellow,age,VB
atc,2001,,Oft-lied-about personal stat,age,NN
atc,2001,,Oft-lied-about personal statistic,age,NN
atc,2001,,Ripen,age,VB
atc,2001,,"Sweet sixteen, e.g.",age,NN
atc,2001,,"Well-guarded secret, sometimes",age,NN
atc,2001,,Elderly,aged,JJ
atc,2001,,Long in the tooth,aged,JJ
atc,2001,,Made mellow,aged,VBD
atc,2001,,The African Queen scriptwriter,agee,NNP
atc,2001,,The Morning Watch author,agee,NNP
atc,2001,,The Night of the Hunter screenwriter,agee,NNP
atc,2001,,Baseballer Tommie,agee,NNP
atc,2001,,Screenwriter James,agee,NNP
atc,2003,,Expendable rocket,agena,NNP
atc,2001,,Former NASA launcher,agena,NNP
atc,2001,,Spacecraft-launching rocket,agena,NNP
atc,2001,,Exec's schedule,agenda,NN
atc,2001,,____ 86 (Maxwell Smart),agent,NN
atc,2001,,"Napoleon Solo, e.g.",agent,NN
atc,2001,,Representative,agent,NN
atc,2001,,Smart or Smiley,agent,NN
atc,2001,,"Talent scout, e.g.",agent,NN
atc,2001,,Ten-percenter,agent,NN
atc,2001,,FBI guys,agents,NNS
atc,2001,,Representatives,agents,NNS
atc,2001,,Ancient,ageold,JJ
atc,2001,,Of long standing,ageold,JJ
atc,2001,,Ain't She Sweet? composer Milton,ager,NNP
atc,2001,,Dark or Middle follower,ages,NNS
atc,2001,,Gets ripe,ages,VBZ
atc,2002,,Many moons,ages,NNS
atc,2001,,Matures,ages,VBZ
atc,2001,,Years and years,ages,VBZ
atc,2001,,Turkish chief,agha,FW
atc,2001,,Horror-stricken,aghast,JJ
atc,2001,,Shocked,aghast,JJ
atc,2001,,Mentally quick,agile,JJ
atc,2001,,Nimble,agile,JJ
atc,2001,,Quick of foot,agile,JJ
atc,2001,,"One more time, country-style",agin,IN
atc,2001,,"Opposed to, in the sticks",agin,IN
atc,2001,,Premium,agio,NN
atc,2001,,Shoelace end,aglet,NN
atc,2001,,Radiant,aglow,JJ
atc,2001,,A Demille,agnes,NNP
atc,2001,,Ms. Moorhead,agnes,NNP
atc,2001,,Back,ago,RB
atc,2003,,Back in time,ago,RB
atc,2001,,Gone by,ago,RB
atc,2002,,In the past,ago,RB
atc,2001,,Past,ago,RB
atc,2001,,All excited,agog,JJ
atc,2001,,Bug-eyed,agog,JJ
atc,2001,,Eager,agog,JJ
atc,2001,,Wide-eyed,agog,JJ
atc,2001,,Extreme pain,agony,NN
atc,2001,,Athens marketplace,agora,FW
atc,2001,,Greek marketplace,agora,FW
atc,2001,,Naxos marketplace,agora,FW
atc,2001,,Where the ancient Greeks shopped,agora,FW
atc,2001,,Classical malls,agorae,FW
atc,2001,,City southeast of New Delhi,agra,NNP
atc,2001,,Taj Mahal site,agra,NNP
atc,2001,,Act the yes-man,agree,VB
atc,2001,,Be in accord,agree,VB
atc,2001,,Concur,agree,VB
atc,2002,,Settled,agreed,VBD
atc,2001,,"Corresponds, gramatically",agrees,VBZ
atc,2001,,Sees eye to eye,agrees,VBZ
atc,2001,,FBI one,agt,NN
atc,2001,,FBI operative,agt,NN
atc,2001,,Rep.,agt,NN
atc,1998,,Representative,agt,NN
atc,2003,,Reps,agts,NNS
atc,2001,,"Water, in 20A",agua,FW
atc,2001,,So that's it!,aha,UH
atc,2003,,Exclamation of triumph,aha,UH
atc,2001,,Pequod skipper,ahab,NNP
atc,2002,,Contented comments,ahs,NNS
atc,2001,,Give an assist to,aid,VB
atc,2003,,Help,aid,NN
atc,1998,,DRAFT,aircurrent,NN
atc,2003,,Just like,ala,IN
atc,2003,,Winglike,alae,NN
atc,2002,,The George & __ Show,alana,NNP
atc,2004,,Support gr.,alanon,NNP
atc,2002,,Controversial orchard spray,alar,NNP
atc,2004,,Winged,alar,NN
atc,2001,,Word of dismay,alas,UH
atc,1998,,Priest's garment,alb,NN
atc,1998,,"Magical Mystery Tour, e.g.",album,NN
atc,2003,,Catkin sources,alders,NNS
atc,1999,,Ray of films,aldo,NNP
atc,1998,,Actor Baldwin,alec,NNP
atc,2004,,Fish sauce,alec,NN
atc,2003,,Not oblivious,alert,JJ
atc,2001,,Birdbath organism,alga,NN
atc,2001,,Thrilla in Manila victor,ali,NNP
atc,2001,,"He ""stung like a bee""",ali,NNP
atc,2003,,Wanted poster word,alias,NN
atc,2001,,Acquittal ploy,alibi,NN
atc,1998,,1986 Sigourney Weaver thriller,aliens,NNP
atc,1999,,Milan's Teatro __ Scala,alla,FW
atc,2002,,Muezzin's God,allah,NNP
atc,2001,,Claim,allege,VB
atc,2000,,Part of a tennis court,alley,NN
atc,2001,,Makes provisions for,allows,VBZ
atc,1998,,Loaded lineups,allstarcasts,NNS
atc,2004,,Soprano Gluck,alma,NNP
atc,2002,,Sunburn soother,aloe,NN
atc,1998,,Later! at the luau,aloha,FW
atc,1998,,Honolulu's __ Bowl,aloha,NNP
atc,2003,,Sandy or Roberto,alomar,NNP
atc,1998,,Right next to,alongside,IN
atc,1999,,Bunches,alot,NN
atc,1999,,Mont Blanc range,alps,NNP
atc,2004,,Likewise,also,RB
atc,1998,,Lady Bird's nomen,alta,NNP
atc,2004,,Utah ski resort,alta,NNP
atc,2003,,Rite site,altar,NNP
atc,1998,,"High, in combinations",alti,JJ
atc,2004,,Bird played it,alto,NN
atc,1998,,Choir members,altos,NNS
atc,2000,,Thomas ___ Edison,alva,NNP
atc,1999,,Prince __ Khan (Hayworth hubby),aly,NNP
atc,1998,,Nanking nanny,amah,FW
atc,2003,,Colony in Iowa,amana,NNP
atc,2003,,Place for refrigerator magnets,amana,NNP
atc,2001,,Purple shade,amaranth,NN
atc,2001,,Accumulate,amass,VB
atc,2002,,Bring together a great quantity,amass,VB
atc,1999,,Prized violin,amati,NNP
atc,1997,,Famous last word,amen,UH
atc,2003,,Last word,amen,UH
atc,2000,,So be it!,amen,UH
atc,1998,,Part of USA,amer,NNP
atc,2002,,Spy Aldrich of '94 headlines,ames,NNP
atc,2003,,NYSE relative,amex,NNP
atc,1998,,French friend,amie,FW
atc,1997,,Top Turk,amir,FW
atc,1998,,Lucky Jim author Kingsley,amis,NNP
atc,1998,,In a confused state,amok,JJ
atc,2002,,Marc Antony's love,amor,NN
atc,2001,,Cookie guy,amos,NNP
atc,2002,,Cookie king Wally,amos,NNP
atc,2002,,Formosan port,amoy,NNP
atc,2001,,Titillate,amuse,VB
atc,2004,,Med. school subject,anat,NN
atc,1998,,Med. student's course,anat,NN
atc,2002,,Not to mention,and,CC
atc,1999,,Cuomo of the Clinton Cabinet,andrew,NNP
atc,2003,,One of the Gibbs,andy,NNP
atc,2001,,"Almost, to Shakespeare",anear,RB
atc,2001,,Once more,anew,RB
atc,2002,,Film director ___ Lee,ang,NNP
atc,2002,,Go for fluke,angle,NN
atc,1997,,Cordial flavoring,anise,NN
atc,2003,,One of the Santas,anita,NNP
atc,2002,,Actress Magnani,anna,NNP
atc,2001,,Actress Paquin,anna,NNP
atc,1997,,"Part of Q&A, briefly",ans,NN
atc,1999,,Goose genus,anser,FW
atc,2004,,Farm worker?,ant,NN
atc,2004,,Card-game starter,ante,NN
atc,2001,,Feed the kitty,ante,NN
atc,2002,,Kitty feed,ante,NN
atc,1999,,Pool starter,ante,NN
atc,1998,,"Aldous Huxley novel ""___ Hay""",antic,JJ
atc,1998,,Lunch for an aardvark,ants,NNS
atc,1999,,Picnic pests,ants,NNS
atc,2004,,Indefinite number,any,DT
atc,1998,,Police alert,apb,NN
atc,2003,,"Rich Little, e.g.",aper,NNP
atc,1998,,"T, ""D,"" and ""S"" sounds",apical,JJ
atc,2004,,Each,apop,DT
atc,1998,,Each,apop,JJ
atc,1998,,Financing acronym,apr,NN
atc,1998,,Seawater color,aqua,JJ
atc,1998,,Saudi __,arabia,NNP
atc,1999,,Disappearing inland sea,aral,NNP
atc,2004,,Fast-shrinking sea,aral,NNP
atc,1998,,Composer Khachaturian,aram,NNP
atc,2000,,Dumas character,aramis,NNP
atc,2004,,Algonquian language,arapaho,NNP
atc,1999,,Kind of lamp,arc,JJ
atc,1999,,"Austria-Hungary's Francis Ferdinand, e.g.",archduke,NNP
atc,1999,,Sacramento arena,arco,NNP
atc,1999,,Passionate,ardent,JJ
atc,2002,,Chances __,are,VBP
atc,2004,,Violets __ blue...,are,VBP
atc,2003,,Where The Boys ___,are,VBP
atc,2004,,"Last word of Shelley's ""Adonais""",are,VBP
atc,2002,,Part of LAN,area,NN
atc,2004,,Zone,area,NN
atc,2001,,Malodorous,areek,JJ
atc,1999,,Staggering,areel,JJ
atc,2003,,Gladiator's venue,arena,NN
atc,2002,,Hippodrome,arena,NN
atc,1999,,"The Colosseum, e.g.",arena,NN
atc,1998,,Don't exist,arent,VB
atc,2002,,God of war,ares,NNP
atc,1997,,He means war,ares,NNP
atc,2002,,Exodus hero,ari,NNP
atc,1998,,Onassis,ari,NNP
atc,2004,,Caruso number,aria,NNP
atc,1999,,Operatic solo,aria,NN
atc,1999,,The Tempest character,ariel,NNP
atc,1997,,Mr. Sharon,ariel,NNP
atc,2004,,In a proper manner,aright,NN
atc,2001,,Flood insurance?,ark,NN
atc,1998,,City on the Rhone,arles,NNP
atc,1998,,Extremity,arm,NN
atc,2002,,Hero who led the defeat of three legions of Romans,armin,NNP
atc,1998,,"Palmer, to his fans",arnie,NNP
atc,2002,,Paul's ex-singing partner,art,NNP
atc,2003,,Like Radio City Music Hall,artdeco,NNP
atc,2003,,Comic Johnson,arte,NNP
atc,1997,,Rubenstein and Schnabel,arturs,NNPS
atc,2002,,Avant-garde,arty,JJ
atc,1998,,Indo-European,aryan,JJ
atc,2002,,Clueless,asea,JJ
atc,1998,,On the water,asea,JJ
atc,1998,,Campfire fallout,ashes,NNS
atc,2003,,Place of many flicks,ashtray,NN
atc,1998,,China setting,asia,NNP
atc,1998,,Sale condition,asis,JJ
atc,2001,,Sale phrase,asis,JJ
atc,2004,,JFK quote starter,ask,VB
atc,1998,,Nile nipper,asp,NN
atc,2004,,Molded jelly,aspic,NN
atc,2004,,Set a lofty goal,aspire,VB
atc,2002,,Examines,assays,VBZ
atc,1999,,Dusseldorf donkey,asse,FW
atc,1999,,Balance-sheet entries,assets,NNS
atc,1999,,AMA or ABA,assn,NN
atc,1998,,Adm. aide,asst,NN
atc,2002,,The Thin Man terrier,asta,NNP
atc,2003,,Cinema canine,asta,NNP
atc,2002,,Nora's pooch,asta,NNP
atc,2003,,Showy flower,aster,NN
atc,1998,,Italian wine region,asti,NNP
atc,1998,,Proverbial saver,astitchintime,NN
atc,1999,,Regarding,asto,IN
atc,2002,,Downed,ate,VBD
atc,2004,,Parthenon goddess,athena,NNP
atc,2003,,Musketeer,athos,NNP
atc,1999,,Bay of Biscay's ocean: Abbr.,atl,NNP
atc,2002,,__ smasher,atom,NN
atc,2002,,Do penance,atone,VB
atc,1998,,Observe Yom Kippur,atone,VB
atc,2002,,Made amends,atoned,VBD
atc,1998,,1973 Glenda Jackson film,atouchofclass,NNP
atc,2002,,Befuddled,atsea,JJ
atc,1998,,Yachting,atsea,JJ
atc,2002,,__ boy!,atta,UH
atc,1998,,Stapled or paper-clipped,attached,VBN
atc,2003,,Court room fig.,atty,NN
atc,1998,,Tom's Polly or Dorothy's Em,aunt,NN
atc,1998,,Atmosphere,aura,NN
atc,1998,,State firmly,aver,VB
atc,1998,,No great shakes,average,JJ
atc,1998,,Forestalls,averts,VBZ
atc,2004,,Bard's river,avon,NNP
atc,2003,,Shakespeare's stream,avon,NNP
atc,2003,,Up and about,awake,JJ
atc,2002,,Sewing tool in LAW?,awl,NN
atc,2003,,One who's decamped?,awol,NN
atc,2001,,Dismiss,axe,VB
atc,2004,,Lutz alternative,axel,NNP
atc,2004,,Armpits,axilla,NNS
atc,1998,,"Murphy's Law, et al.",axioms,NNS
atc,2000,,Nerve cell parts,axons,NNS
atc,2001,,Pajama style,babydoll,NN
atc,2004,,Rod-shaped spores,bacilli,NNS
atc,2001,,Behind the curtain,backstage,RB
atc,2003,,Inlet,backwater,NN
atc,1998,,Boy Scouts earn them,badges,NNS
atc,2003,,Fashion Police focus,badtaste,NN
atc,2004,,Actor Conrad,bain,NNP
atc,2000,,Golf ball cover,balata,NN
atc,2002,,Road film destination,bali,NNP
atc,1998,,Island neighbor of Java,bali,NNP
atc,2004,,Foil,balk,VB
atc,2003,,Target of Bonnie and Clyde,bank,NN
atc,1998,,Devil's rope features,barbs,NNS
atc,2004,,Groups of monkeys?,barrels,NNS
atc,2002,,Traded without exchange of money,bartered,VBN
atc,1997,,It has an apse,basilica,NN
atc,1997,,Concavity,basin,NN
atc,1998,,Grounds,basis,NN
atc,2004,,Catch some rays,bask,VB
atc,1998,,Kings shoot them,baskets,NNS
atc,1999,,Droopy-eared hounds,bassets,NNS
atc,2003,,Bulwarks,bastions,NNS
atc,1998,,Wash off,bathe,NN
atc,2004,,"Clammer, e.g.",bayman,NN
atc,2002,,Luck __ Lady Tonight,bea,VB
atc,1998,,Smile broadly,beam,NN
atc,2004,,Greasy spoon,beanery,NN
atc,2002,,Next to nothing,beans,NNS
atc,1999,,At one's ___ and call,beck,NN
atc,2002,,Royal jelly producer,bee,NN
atc,2002,,Joe Six-pack's excess,beerbelly,NN
atc,2001,,Fathered,begotten,VBN
atc,2000,,Prove false,belie,VB
atc,2003,,"Stefano della ___, Richelieu's engraver",bella,NNP
atc,1998,,Deflect,bend,VB
atc,2004,,Nota __,bene,FW
atc,2000,,French topper,beret,FW
atc,1999,,Games People Play author,berne,NNP
atc,2002,,Pullman feature,berth,NNP
atc,1999,,Old-time actress Edna,best,NNP
atc,1999,,__-carotene,beta,FW
atc,2004,,Ottoman governor,bey,FW
atc,1998,,Common preservative,bht,NNP
atc,2001,,Lobster-dinner need,bib,NN
atc,2001,,Cause to cohere,bind,VB
atc,2002,,Toy store purchase,birthdaypresent,NN
atc,1999,,The __ of Calcutta,blackhole,NN
atc,1998,,Atlantic City spots,blackjacktables,NNS
atc,2001,,"With 50D, Irishman's rock of flattery",blarney,NNP
atc,2002,,Explosive noises,blasts,NNS
atc,2001,,Combine varieties,blend,VB
atc,2003,,Lunch order,blt,NN
atc,2002,,Diner sandwiches,blts,NNS
atc,1997,,___ Raton,boca,NNP
atc,2003,,Cranberry field,bog,NN
atc,2002,,Water-heating tank,boiler,NN
atc,2004,,Kicked out,booted,VBN
atc,2003,,Frankenstein star,boris,NNP
atc,2001,,Archer's supplier,bowyer,NN
atc,2002,,"William of ""Hopalong Cassidy""",boyd,NNP
atc,2003,,Brazilian actress Sonia,braga,NNP
atc,1999,,Physicist Karl (1822-93),braun,NNP
atc,2004,,Porkpie feature,brim,NN
atc,2001,,David Addison,brucewillis,NNP
atc,1999,,"December 21, perhaps",brumal,JJ
atc,2003,,Bugs ___,bunny,NNP
atc,2001,,Exercise tape's promise,bunsofsteel,NN
atc,1999,,Rough husk,bur,NN
atc,1998,,Outer areas,burbs,NN
atc,2003,,Sculpture,bust,NN
atc,1999,,"He did it, according to Christie",butler,NN
atc,2004,,Pawnbrokers do it,buyandsell,VB
atc,2004,,Calloway of jazz,cab,NN
atc,2001,,Succulent plants,cacti,NNS
atc,2003,,Presidential nickname,cal,NNP
atc,1999,,City southwest of Bogota,cali,NNP
atc,2002,,Give a buzz,call,VB
atc,1999,,Important piece of Batman's wardrobe,cape,NN
atc,2004,,Dracula's closetful,capes,NNS
atc,2002,,Upper case letters,capitals,NNS
atc,2004,,Bay of Naples island,capri,NNP
atc,1997,,New York prelate,cardinaloconnor,NNP
atc,2001,,Rob Reiner's dad,carl,NNP
atc,2001,,Song of joy,carol,NN
atc,2002,,December ditties,carols,NNS
atc,2001,,Collided and rebounded,caromed,VBD
atc,2003,,Automobiles,cars,NNS
atc,2004,,Broken bone protector,cast,NN
atc,2004,,Garfield,cat,NN
atc,2002,,He's before the ump,catcher,NN
atc,2004,,Roman statesman,cato,NNP
atc,2003,,Go out of existence,ceasetobe,VB
atc,1998,,So-so grades,cees,NNS
atc,2001,,Board-room VIP,ceo,NN
atc,2004,,Renaissance figure Borgia,cesare,NNP
atc,2004,,Three-step dance,chacha,NN
atc,2001,,Seasonal sight,chanukahmenorah,NNP
atc,2002,,Pay-as-you-go with these,checkbooks,NNS
atc,2001,,Some photos,cheesecake,NN
atc,2001,,Trendy,chic,JJ
atc,2001,,Head honcho,chief,NN
atc,2004,,Dimple spot,chin,NN
atc,1999,,Slow boat destination?,china,NNP
atc,2002,,Rocker Berry,chuck,NNP
atc,2002,,KGB's cold-war counterpart,cia,NNP
atc,1997,,"One point, at the French Open",cinque,FW
atc,2003,,Quote,cite,VB
atc,2004,,Family,clan,NN
atc,2002,,Tie securer,clasp,NN
atc,1999,,Man of the cloth,cleric,NN
atc,2003,,One of the Boyers of baseball,clete,NNP
atc,2001,,Advertising-industry award,clio,NNP
atc,2003,,Barber shop?,clipjoint,NN
atc,2004,,Gardener's gadget,clippers,NN
atc,2004,,"The ""C"" in C. S. Lewis",clive,NNP
atc,1997,,Designated driver's beverage,cocoa,NN
atc,2004,,Omert... or bushido,code,NN
atc,2003,,Stick,cohere,VB
atc,1998,,Soft drink,cola,NN
atc,1998,,"Sign of fearfulness, perhaps",coldfeet,NN
atc,2002,,Cook thriller,coma,NNP
atc,2002,,Agree,cometoterms,VB
atc,2004,,Doyle's middle name (5),conan,NNP
atc,1998,,DRAFT,conscription,NN
atc,1999,,Dovish remark?,coo,NN
atc,2004,,"Masked mammals, for short",coons,NNS
atc,2004,,Apple remnant,core,NN
atc,1999,,Apple throwaway,core,NN
atc,1999,,Home-operated business,cottageindustry,NN
atc,2002,,Moved like a river,coursed,VBD
atc,1999,,Coveted spot on Time,cover,NN
atc,1999,,Monks' hoods,cowls,NNS
atc,2002,,Accountable person?,cpa,NN
atc,1999,,One for the books: Abbr.,cpa,NN
atc,2004,,Two-fer menu item?,crabapples,NNS
atc,2002,,Curmudgeons,crabs,NNS
atc,2001,,Trumpeting birds,cranes,NNS
atc,2004,,Start the Model T,crank,VB
atc,1998,,Unrefined,crass,JJ
atc,2001,,Word with ice or cold,cream,NN
atc,1999,,Used-car ad word,creampuff,NN
atc,2004,,Originates,creates,VBZ
atc,1998,,Himalayan danger,crevasse,NN
atc,2002,,Reviewer Judith,crist,NNP
atc,2001,,Hag,crone,NN
atc,1998,,Harvest haul,crop,NN
atc,2002,,Those with egg on their face eat it,crow,NN
atc,1997,,Grande ___ (wine),cru,FW
atc,2003,,Unusual's partner?,cruel,JJ
atc,2004,,Ruminant's chaw,cud,NN
atc,1999,,Hustler's need,cue,NN
atc,1999,,Fed lines to,cued,VBD
atc,2002,,Carp kin,dace,NN
atc,2001,,Pedestal parts,dados,NNS
atc,1998,,"Battier, in Britain",dafter,JJR
atc,1998,,Morse-code word,dah,NN
atc,1998,,British title,dame,NN
atc,2003,,She was often in ancient distress,damosel,NN
atc,2002,,Stops up,dams,VBZ
atc,2001,,Uncomfortably damp,dank,JJ
atc,2003,,The Divine Comedy poet,dante,NNP
atc,1998,,Like a calico's coat,dappled,JJ
atc,2003,,Connecticut town,darien,NNP
atc,2001,,Fast move,dart,NN
atc,2004,,Morse-code symbol,dash,NN
atc,2002,,High-tech recording medium,dat,NN
atc,2001,,Take a carbon 14 measurement,date,VB
atc,2003,,Took out,dated,VBD
atc,2001,,High-tech recording media,dats,NNS
atc,2003,,Well-known sculpture,david,NNP
atc,2004,,Clone: Abbr.,dbl,NN
atc,1998,,They can get it for you wholesale,dealers,NNS
atc,2001,,Jerry's straight man,dean,NNP
atc,1999,,____ of a Salesman,death,NN
atc,2003,,Accounting entry,debit,NN
atc,1997,,Knitting direction,dec,NN
atc,1998,,Year-end abbr.,dec,NNP
atc,2002,,Living room setting,decor,NN
atc,1998,,Consider,deem,VB
atc,1998,,Considered,deemed,VBD
atc,2002,,Got lower,deepened,VBD
atc,2003,,Hold off,defer,VB
atc,1998,,Crusoe's creator,defoe,NNP
atc,2000,,Agnus ___,dei,FW
atc,1998,,Strike out,dele,VB
atc,2002,,Pastrami palace,deli,NN
atc,2002,,Where rye is ordered,deli,NN
atc,1998,,It may require kid gloves,delicatesubject,NN
atc,2002,,Island in the Aegean,delos,NNP
atc,1998,,3-D illusion,depth,NN
atc,2003,,Hold up,detain,VB
atc,1998,,Dissuade,deter,VB
atc,1998,,Can't stand,detest,VB
atc,2001,,"Susan of ""L.A. Law""",dey,NNP
atc,1998,,"Ross of ""Mahogany""",diana,NNP
atc,2002,,Completed,did,VBD
atc,2001,,Monopoly cube,die,NNS
atc,1998,,Jenny Craig advice,diet,NN
atc,2003,,Pickling guru?,dillmaster,NN
atc,2004,,Molecules composed of two identical others,dimers,NNS
atc,2003,,In an obscure manner,dimly,RB
atc,2004,,Short swims,dips,NNS
atc,2004,,More dreadful,direr,JJR
atc,2002,,Eastwood role,dirtyharry,NNP
atc,2002,,Kind of jockey,disc,NN
atc,1998,,"Fort __, NJ",dix,NNP
atc,2003,,One of The Seven Dwarfs,doc,NNP
atc,1998,,Buck's mate,doe,NN
atc,1998,,Movers and shakers,doers,NNS
atc,2003,,Robert and Elizabeth,doles,NNP
atc,2000,,Cloak or mask,domino,NN
atc,2001,,Gift-getter,donee,NN
atc,2000,,Domesticated ass,donkey,NN
atc,2003,,Small towns,dorps,NNS
atc,2002,,Booster amount,dose,NN
atc,2002,,Prescribed amounts,doses,NNS
atc,1999,,"Morse ""E""",dot,NN
atc,2001,,Idolizes,dotes,VBZ
atc,1999,,Food fish,doversole,NN
atc,2004,,Wealthy widow,dowager,NN
atc,1998,,Nap,doze,VB
atc,1997,,Window treatment,drape,NN
atc,2002,,Take lots?,draw,VB
atc,2002,,"Prepare, as a contract",drawup,VB
atc,1999,,Night vision,dream,NN
atc,2002,,Med. school grads,drs,NNS
atc,1998,,Casey Stengel's spot,dugout,NN
atc,1998,,Blunt,dull,JJ
atc,1998,,Dip a doughnut,dunk,VB
atc,2002,,Hair coloring,dye,NN
atc,2002,,Birdie beater,eagle,NN
atc,2004,,With deep sincerity,earnestly,RB
atc,2001,,O.K. Corral guy,earp,NNP
atc,2004,,Relief-giver,easer,NN
atc,1998,,"Absorb, as a loss",eat,VB
atc,2004,,Gobble,eat,VB
atc,1998,,Does lunch,eats,VBZ
atc,1999,,Dines at home,eatsin,VBZ
atc,2004,,Overhangs,eaves,NNS
atc,2002,,Cimmerian,ebon,NNP
atc,2001,,Galbraith's subj.,econ,NN
atc,2003,,Kayaker's safe haven,eddy,NN
atc,2002,,Whirlpool,eddy,NN
atc,2002,,Garden spot,eden,NNP
atc,1998,,Paradises,edens,NNS
atc,2004,,Rim,edge,NN
atc,2003,,Enlighten,edify,VB
atc,2002,,Useful DOS function,edit,NN
atc,1999,,Ford flop,edsel,NNP
atc,2004,,Jane Eyre's love,edwardrochester,NNP
atc,2004,,Skier Reinalter,edy,NNP
atc,2003,,Shockers,eels,NNS
atc,1997,,Poetic nights,eens,NNS
atc,1998,,"Perpetually, poetically",eer,RB
atc,2001,,Like howls in the night,eerie,JJ
atc,2001,,Really strange,eerie,JJ
atc,2002,,Spine-chilling,eerie,JJ
atc,2002,,Most Twilight Zone-like,eeriest,JJS
atc,2004,,Newts,efts,NNS
atc,2002,,Terrestrial amphibians,efts,NNS
atc,2003,,By Jove!,egad,NNP
atc,2004,,"Richard of ""A Summer Place""",egan,NNP
atc,2004,,"Richard of ""A Summer Place""",egan,NNP
atc,1998,,Western star Richard,egan,NNP
atc,1998,,Void,egest,VB
atc,2002,,Object of a hunt,egg,NN
atc,1999,,Quiche-maker's need,eggs,NNS
atc,1998,,It may be bruised or inflated,ego,NN
atc,2003,,Kind of trip,ego,NN
atc,2003,,Exodus origin,egypt,NNP
atc,2003,,Barely manage,eke,VB
atc,2002,,Dash,elan,NNP
atc,1998,,Famed exile isle,elba,NNP
atc,1998,,Author Hubbard,elbert,NNP
atc,2003,,Nudge,elbow,VB
atc,2003,,Nudge with a joint,elbow,VB
atc,2004,,Periodic table members,elements,NNS
atc,1998,,Brownie,elf,NN
atc,2004,,Lilly or Terry,eli,NNP
atc,1997,,Mr. Wallach,eli,NNP
atc,2003,,Charles Lamb pseudonym,elia,NNP
atc,2004,,Charles Lamb pseudonym,elia,NNP
atc,2003,,Novelist Wiesel,elie,NNP
atc,2002,,Fed Ness,eliot,NNP
atc,2001,,Cream of the crop,elite,JJ
atc,2002,,Actress Sommer,elke,NNP
atc,2002,,Nevada city,elko,NNP
atc,1999,,Fashion mag,elle,NNP
atc,2000,,Fashion magazine,elle,NNP
atc,1999,,Right-angled bends,ells,NNS
atc,1998,,___ Gantry,elmer,NNP
atc,2001,,Telephone Line band,elo,NNP
atc,2000,,North Carolina college,elon,NNP
atc,2004,,So what __ is new?,else,RB
atc,1999,,Otherwise,else,RB
atc,2002,,Slippery sort,eluder,NN
atc,2002,,Quarterback John,elway,NNP
atc,1998,,"Meredith's ""Family Ties"" role",elyse,NNP
atc,1998,,Correct,emend,VB
atc,1999,,Jannings of old films,emil,NNP
atc,1998,,Discharge,emit,VB
atc,2003,,Send out matter,emit,VB
atc,1998,,David Copperfield lass,emly,NNP
atc,1999,,Flightless bird,emu,NN
atc,1998,,Use a container,encase,VB
atc,2002,,Make a message secret,encode,VB
atc,2004,,On __ (upright),end,NN
atc,2002,,"Means justification, to some",ends,NNS
atc,1999,,Finishes,endsup,VBZ
atc,2003,,Wrap up,enfold,VB
atc,1999,,Chang's twin,eng,NNP
atc,2002,,National Velvet author Bagnold,enid,NNP
atc,2001,,Phillips University town,enid,NNP
atc,2004,,Rock producer Brian,eno,NNP
atc,1998,,Eve's grandson,enos,NNP
atc,2001,,Slaughter in baseball,enos,NNP
atc,2001,,Nav. officer,ens,NN
atc,1998,,Trap,ensnare,VB
atc,2000,,Tolkien character,ent,NN
atc,2001,,Walk in,enter,VB
atc,1998,,Main course,entree,NN
atc,2003,,Red dye,eosin,NN
atc,2002,,Ecology agcy.,epa,NNP
atc,1998,,Fed. watchdog,epa,NNP
atc,2001,,"Colossal, moviewise",epic,JJ
atc,1999,,De Mille specialties,epics,NNS
atc,2004,,Lyric poem,epode,NN
atc,1998,,"With ""The,"" Edward Woodward series",equalizer,NN
atc,2002,,Christian __,era,NN
atc,1999,,Rub out,erase,VB
atc,2001,,Wipe out,erase,VB
atc,1998,,"Before, to a 7-Down",ere,RB
atc,1998,,Standing up,erect,JJ
atc,2002,,Therefore,ergo,VB
atc,2000,,Silkworm,eria,NN
atc,2004,,Guitarist Clapton,eric,NNP
atc,1998,,Sevareid or Stoltz,eric,NNP
atc,2004,,Speed-skater Heiden,eric,NNP
atc,1998,,Speed-skater Heiden,eric,NNP
atc,2003,,Writer Ambler,eric,NNP
atc,1998,,WWI general Ludendorff,erich,NNP
atc,2003,,Border lake,erie,NNP
atc,1998,,Buffalo's lake,erie,NNP
atc,2002,,Empire State canal,erie,NNP
atc,1998,,Keystone State port,erie,NNP
atc,2000,,Lake or tribe,erie,NNP
atc,2004,,Part of HOMES,erie,NNP
atc,1998,,"He portrayed ""Ponch""",erik,NNP
atc,2004,,Humorist Bombeck,erma,NNP
atc,2001,,Seagull,erne,NNP
atc,1998,,Diminish,erode,VB
atc,2002,,Wear away,erode,VB
atc,2001,,Aphrodite's offspring,eros,NNP
atc,1999,,Piccadilly Circus statue,eros,NNP
atc,2001,,Irregular edge,erose,JJ
atc,2001,,Faltered,erred,VBN
atc,2001,,Boo-boos,errors,NNS
atc,1998,,Hesitant sounds,ers,NNS
atc,2003,,Art deco illustrator,erte,NNP
atc,1999,,Return of the swallow?,eructate,VB
atc,2002,,Rebecca's son,esau,NNP
atc,1997,,Vane dir.,ese,NN
atc,2004,,Medium quality?,esp,NN
atc,2001,,Morale,esprit,NN
atc,1998,,NE clock setting,est,NNP
atc,2001,,Italian noble family,este,NNP
atc,1998,,Renaissance family,este,NNP
atc,1997,,"This, to Manuela",este,FW
atc,2003,,Cut glass,etch,VB
atc,2002,,Fix in the mind,etch,VB
atc,1998,,Actor Hawke,ethan,NNP
atc,1999,,Vulcan's Chimney,etna,NNP
atc,2000,,Prince William's school,eton,NNP
atc,2002,,UFO pilots,ets,NNS
atc,1997,,You too?,ettu,FW
atc,1997,,Sidestep,evade,VB
atc,1998,,Use a loophole,evade,VB
atc,2002,,A snake charmed her,eve,NNP
atc,2003,,First name in daredeviltry,evel,NNP
atc,2003,,Neck and neck,even,RB
atc,2002,,Square,even,RB
atc,2000,,Turn inside out,evert,VB
atc,1998,,"Agatha Christie's ""___ Under the Sun""",evil,NN
atc,2003,,Heinous,evil,JJ
atc,1998,,Fleecy female,ewe,NN
atc,2001,,Pitcher,ewer,NNP
atc,1999,,Pitcher,ewer,NN
atc,2000,,Dallas family,ewing,NNP
atc,2003,,Test,exam,NN
atc,2001,,Top dog,exec,NN
atc,2000,,"Door, at times",exit,NN
atc,2002,,__ Valdez (oil-spiller of '89),exxon,NNP
atc,2002,,Baby blues,eyes,NNS
atc,1998,,Bronte's Jane,eyre,NNP
atc,1998,,Confronts,faces,VBZ
atc,2002,,Rage,fad,NN
atc,1998,,"Streaking, for one",fad,NN
atc,1998,,Grow dimmer,fade,VB
atc,2004,,Lose one's heart?,fallinlove,VB
atc,2002,,Kramden's collection,fare,NN
atc,2004,,Periods of self-denial,fasts,NNS
atc,1998,,"Send, nowadays",fax,VB
atc,2001,,Face part,feature,NN
atc,2002,,Giant's syllable,fee,NN
atc,2004,,Border marker,fence,NN
atc,2004,,Elaborate event,fete,NN
atc,1998,,Wrigley or Comiskey,field,NN
atc,2001,,Who's there?,firstbass,NN
atc,1998,,DRAFT,firstversion,NN
atc,1998,,Food with chips,fish,NN
atc,1999,,___ to be tied,fit,JJ
atc,2000,,In good shape,fit,JJ
atc,2004,,"Fin, in slang",five,CD
atc,2002,,Internet insult,flame,VB
atc,2003,,Madame Bovary writer,flaubert,NNP
atc,1998,,Dog's hitchhiker,flea,NN
atc,2002,,"Cartoon classic, with ""The""",flintstones,NNP
atc,2004,,Flattens,floors,VBZ
atc,2001,,Some radios,fms,NNS
atc,2004,,April 1 victim,fool,NN
atc,1998,,St. Andrews shout,fore,UH
atc,1998,,Pronged instruments,forks,NNS
atc,1999,,Benning is one,fort,NN
atc,1999,,Expertise,forte,NN
atc,2004,,"Wallace novel, ""The ___ Just Men""",four,CD
atc,2003,,Barnyard birds,fowls,NNS
atc,2002,,Niles's big brother,frasiercrane,NNP
atc,1999,,Mannheim Mrs.,frau,FW
atc,2004,,Snack chip,frito,NNP
atc,1998,,"Dummy corporation, perhaps",front,NN
atc,1998,,Dance craze,frug,NN
atc,1998,,"Stimulates, as an argument",fuels,VBZ
atc,2001,,Writer Dostoyevsky,fyodor,NNP
atc,1998,,Chatter,gab,NN
atc,1998,,I got a ____ in ....,gal,NN
atc,2003,,African republic,gambia,NNP
atc,1999,,Avant ___,garde,FW
atc,1998,,Flavorful bulb,garlic,NN
atc,2003,,__-guzzler,gas,NN
atc,2000,,Reaction of surprise,gasp,NN
atc,2004,,Airport area,gate,NN
atc,1998,,Stadium entrance,gate,NN
atc,2002,,Computer junkie,geek,NN
atc,2004,,Canadian ___,geese,NNS
atc,2003,,Chromosome collection,genome,NN
atc,1998,,Bloke,gent,NN
atc,2002,,Adventure,gest,NN
atc,1998,,1814 treaty site,ghent,NNP
atc,2004,,Machinist's wedge,gib,NN
atc,2002,,Kind of certificate,gift,NN
atc,2001,,"Anaheim Angel, Benji ____",gil,NNP
atc,2004,,__ one's loins,gird,VB
atc,2004,,Essence,gist,NN
atc,1998,,Crest competitor,gleem,NNP
atc,1998,,Fluently talkative,glib,JJ
atc,2003,,Goo unit,glob,NN
atc,2003,,Cry of encouragement,goforit,VB
atc,2003,,VP's security agreement,goldenparachute,NN
atc,2000,,Not here,gone,JJ
atc,2003,,Make a boo-boo,goof,VB
atc,2004,,Albatross,gooney,NN
atc,1997,,Yankee pitcher,goosegossage,NNP
atc,1999,,Architectural style,gothic,JJ
atc,2003,,Quote (Part III),government,NN
atc,1998,,Greatly sought-after objectives,grails,NNS
atc,2001,,Pencil filler,graphite,NN
atc,2003,,Comprehend,grasp,VB
atc,2001,,Post-B.A. test,gre,NN
atc,1998,,Prime meridian,greenwichtime,NN
atc,2004,,Cookie-selling gr.,gsa,NNP
atc,2003,,Telecom giant,gte,NNP
atc,2004,,Pretense,guise,NN
atc,2001,,Revs the motor,guns,VBZ
atc,2002,,Old witch,hag,NN
atc,1998,,British field marshall,haig,NNP
atc,1998,,Hearty's companion,hale,JJ
atc,2002,,Grapefruit serving,half,NN
atc,1998,,Football intermission,halftime,NN
atc,2003,,Deck the _____....,halls,NNS
atc,1999,,Roach and March,hals,NNP
atc,2002,,Diner offering,hamsteak,NN
atc,2002,,CBer's name,handle,NN
atc,2002,,Popular word game,hangman,NN
atc,1998,,What the Mohs' scale measures,hardness,NN
atc,2003,,Wonderland character,hare,NN
atc,1998,,Mata ___,hari,FW
atc,1999,,Biblical verb,hast,VB
atc,1998,,Repugnance,hatred,NN
atc,2002,,"John, at sea?",head,NN
atc,1998,,Lead,head,NN
atc,1998,,Mythological haunter,hecate,NNP
atc,1998,,Composer Berlioz,hector,NNP
atc,2003,,__ Haw,hee,UH
atc,1998,,Uriah __,heep,NNP
atc,2003,,Successor,heir,NN
atc,2000,,Daughter of Loki,hel,NNP
atc,1999,,Nixon's 1960 running mate,henrycabotlodge,NNP
atc,2001,,"Sage, for one",herb,NN
atc,2002,,__ goes nothing!,here,RB
atc,2002,,Richie Havens hit,herecomesthesun,NNP
atc,1998,,Medal of Honor recipient,hero,NN
atc,2001,,Hair's partner,hide,NN
atc,2003,,Not monaural,hifiorstereo,JJ
atc,2001,,Arrogant,highhanded,JJ
atc,2001,,Silliness,highjinks,NNS
atc,2004,,Med. insurance option,hmo,NN
atc,2003,,Food warming shelf,hob,NNP
atc,2001,,Clear the weeds,hoe,VB
atc,2003,,Garden implement,hoe,NN
atc,2004,,Did some gardening,hoed,VBD
atc,1999,,Has a good poker hand,holdsafullhouse,VBZ
atc,2001,,Song by Paul,homewardbound,NNP
atc,2001,,British bonnet,hood,NN
atc,2001,,Partner of faith and charity,hope,NN
atc,2003,,Water down,hose,VB
atc,1999,,"The Plaza, for one",hotel,NN
atc,2004,,Lit barbecue,hotitem,NN
atc,2004,,One of 24,hour,NN
atc,2001,,French writer Victor ___,hugo,NNP
atc,1998,,Excuse me?,huh,UH
atc,1997,,Chill,ice,VB
atc,2004,,Kind of pick or pack,ice,NN
atc,2003,,Make sure of,ice,VB
atc,2002,,Like summer tea,iced,JJ
atc,1999,,Champagne bucket,icer,NN
atc,1999,,Eaves dropper?,icicle,NN
atc,2003,,Screen image,icon,NN
atc,2001,,Crete's highest mountain,ida,NNP
atc,1998,,My Own Private __,idaho,NNP
atc,1999,,Concept,idea,NN
atc,2001,,Be imaginative,ideate,VB
atc,1998,,"A day in March, May, July, or October",ides,NNS
atc,2004,,Not in use,idle,JJ
atc,2001,,Adored ones,idols,NNS
atc,2003,,"Driver's licenses, e.g.",ids,NNS
atc,2000,,Psyche parts,ids,NNS
atc,1998,,Aviation pioneer Sikorsky,igor,NNP
atc,2004,,Dr. Frankenstein's assistant,igor,NNP
atc,2003,,Lesser Antilles island,iledemargarita,NNP
atc,2001,,Laid up,ill,JJ
atc,2004,,Woes,ills,NNS
atc,1998,,Shed light on,illume,VB
atc,1998,,Likeness,image,NN
atc,1998,,Stick on a stick,impale,VB
atc,2002,,Get in the way,impede,VB
atc,2003,,Incapable of being affected,impervious,JJ
atc,2004,,Native,inborn,JJ
atc,2003,,Early Peruvian,inca,NNP
atc,1998,,African peoples,indaba,FW
atc,2003,,All thumbs,inept,JJ
atc,2000,,Clumsy,inept,JJ
atc,2001,,Take a breath,inhale,VB
atc,2002,,Squid secretion,ink,NN
atc,2003,,Desk accessory,inkstand,NN
atc,2000,,Certain relative,inlaw,NN
atc,2003,,Privy to,inon,JJ
atc,2003,,Apropos of,inre,IN
atc,2002,,Bill-changer instruction,insert,VB
atc,2003,,Guts,insides,NNS
atc,2001,,"Chevron, to Sarge",insignia,NN
atc,1997,,"Opening remarks, casually",intro,NN
atc,2004,,Flood,inundate,VB
atc,1999,,Skye on film,ione,NNP
atc,1997,,Wall St. deal,ipo,NN
atc,2002,,Gershwin or Levin,ira,NNP
atc,2002,,"Nest egg, for short",ira,NN
atc,2000,,Neighbor of Pakistan,iran,NNP
atc,1998,,Tax-deferred accts.,iras,NNS
atc,2003,,From the Emerald Isle,irish,JJ
atc,2001,,Whipped cream-topped beverage,irishcoffee,NN
atc,2004,,Isle of Man surrounder,irishsea,NNP
atc,2003,,Member of the sporting group,irishsetter,NNP
atc,2001,,April initials,irs,NNP
atc,2003,,Man or Wight,isle,NN
atc,2002,,"Presque ___, ME",isle,NNP
atc,2003,,"Wight, for one",isle,NN
atc,2003,,Distinctive doctrines,isms,NNS
atc,2003,,Neighbor of Syr.,isr,NNP
atc,2002,,Roads in old Rome,iters,NNS
atc,1999,,Drip-feed tubes,ivs,NNS
atc,2001,,Boxer's blow,jab,NN
atc,2003,,Bignonia-family shrub,jacaranda,NN
atc,1998,,Spree,jag,NN
atc,1998,,Compress,jam,VB
atc,2004,,Rattle,jar,VB
atc,1998,,Camouflage-colored vehicles,jeeps,NNPS
atc,2004,,Pull hard,jerk,VB
atc,1998,,Prank,jest,NN
atc,2000,,Exercises,jogs,VBZ
atc,2003,,Farm implement manufacturer,johndeere,NNP
atc,2001,,Bon Jovi of rock,jon,NNP
atc,2000,,Very small amounts,jots,NNS
atc,1998,,With good cheer,jovially,RB
atc,2004,,Betrayer,judas,NNP
atc,1998,,Child or Roberts,julia,NNP
atc,1998,,Louis-Dreyfuss,julia,NNP
atc,2001,,Psychologist Carl,jung,NNP
atc,2001,,Pillow-filling fiber,kapok,NN
atc,2003,,Actor Casey,kasem,NNP
atc,1998,,US __ (sneaker name),keds,NNPS
atc,2002,,He's a real doll,ken,NNP
atc,1999,,Murray and Berry,kens,NNPS
atc,2000,,Annual sporting event,kentuckyderby,NN
atc,1999,,Held onto,kept,VBD
atc,2001,,Indication,key,NN
atc,1998,,Glove material,kidskin,NN
atc,2004,,"Kunta of ""Roots""",kinte,NNP
atc,2002,,Asian currency,kip,FW
atc,2003,,Fuzzy fruit,kiwis,NNS
atc,1999,,Twittering Machine artist,klee,NNP
atc,2003,,Knock-__,kneed,VBN
atc,1998,,Make a stocking cap,knit,VB
atc,2000,,Make an afghan,knit,VB
atc,1999,,Web MD guru,koop,NNP
atc,2003,,Japanese city on Honshu,kyoto,NNP
atc,2003,,VIXEN,ladyfox,NN
atc,1997,,Less convincing,lamer,JJR
atc,2002,,"Worse, as excuses go",lamer,JJR
atc,2001,,Knight's carry-on,lance,NN
atc,2002,,Cavalryman,lancer,NN
atc,2001,,Gargantuan,large,JJ
atc,2002,,They're usually on the horn,lariats,NNS
atc,2003,,Does high-tech surgery,lases,NNS
atc,2004,,Galloway gal,lass,NN
atc,1999,,Young woman,lass,NN
atc,1998,,Calf catcher,lasso,NN
atc,1998,,Like the White Rabbit of Wonderland,late,JJ
atc,2003,,Passing plays,laterals,NNS
atc,1998,,Rubber-plant sap,latex,NN
atc,2004,,Carpenter's strip,lath,NN
atc,2001,,Wood shaper,lathe,NN
atc,1998,,Coffee shop order,latte,NN
atc,2002,,Praise,laud,VB
atc,1997,,Wash,lave,VB
atc,2001,,Washed,laved,VBN
atc,2002,,Grid Hall of Famer Bobby,layne,NNP
atc,2003,,Lapis follower,lazuli,NN
atc,2003,,Meadow,lea,NNP
atc,1998,,Browse through,leaf,VB
atc,1998,,Jacob's first wife,leah,NNP
atc,2002,,Auto agreements,leases,NNS
atc,1998,,"Renault, once",lecar,NNP
atc,1999,,Jeans name,lee,NNP
atc,1998,,Dirty look,leer,NN
atc,1999,,Diamond of gangsterdom,legs,NNP
atc,2004,,Trip components,legs,NNS
atc,1999,,Ash Wednesday beginner,lent,NNP
atc,1998,,__ majesty (crime against the state),lese,FW
atc,1999,,To a smaller degree,less,RBR
atc,1999,,Diminish,lessen,VB
atc,1998,,Give up,letgoof,VB
atc,2004,,Was a varsity standout,lettered,JJ
atc,1998,,Hansen of NPR's Weekend Edition,liane,NNP
atc,2001,,Fabulist,liar,NN
atc,1999,,Ananias and his ilk,liars,NNS
atc,2001,,Kind of protest,liein,JJ
atc,1998,,Deceive,lieto,VB
atc,1998,,City north of Dayton,lima,NNP
atc,2002,,Restrict,limit,VB
atc,2004,,Evans or Hunt,linda,NNP
atc,2000,,Cotton thread,lisle,NN
atc,2002,,Put a match to,lit,VBD
atc,2003,,One of the Cartwright brothers?,littlejoe,NNP
atc,2003,,Turandot slave,liu,NNP
atc,2004,,Gaucho's plain,llano,FW
atc,2004,,Shipment,load,NN
atc,1998,,Goldbricks,loafs,NNS
atc,2002,,"Dark, rich soil",loam,NN
atc,1998,,Part of S&L,loan,NN
atc,2001,,Express alternative,local,JJ
atc,1999,,MGM founder,loew,NNP
atc,2004,,Enter,log,VB
atc,2004,,Flume floater,log,NN
atc,2002,,Seating request,loge,NN
atc,1998,,River blockage,logjam,NN
atc,2001,,Victory at Sea,longestsymphony,NNP
atc,1998,,London lavatory,loo,NN
atc,1999,,Diving bird,loon,NN
atc,1999,,The __ of Flatbush (1974 Stallone flick),lords,NNS
atc,1998,,"Greene of ""Bonanza""",lorne,NNP
atc,2003,,Play by Neil,lostinyonkers,NNP
atc,2003,,A great many,lots,NNS
atc,2003,,Oriental bloom,lotus,NN
atc,2003,,Adoration,love,NN
atc,2002,,Immoral,low,JJ
atc,1998,,The Red Pony co-star,loy,NNP
atc,2003,,Dianetics author ___ Hubbard,lron,NNP
atc,2004,,Legal tender,lucre,NN
atc,1998,,Type of moth,luna,JJ
atc,1999,,Act the siren,lure,NN
atc,2001,,Part of 49A,luxurytax,NN
atc,2002,,Lady's address,maam,NN
atc,2002,,Singer Davis,mac,NNP
atc,1998,,Scepter,mace,NN
atc,1999,,Speed-of-sound word,mach,NN
atc,1998,,Civic org.,madd,NNP
atc,1999,,"West of ""I'm No Angel""",mae,NNP
atc,2004,,Wise trio,magi,NNS
atc,2003,,Penn and Teller's specialty,magic,NN
atc,1998,,Fridge decoration,magnet,NN
atc,1998,,"Straighten, as one's bed",make,VB
atc,1998,,Slander,malign,VB
atc,1998,,Lions' coifs,manes,NNS
atc,2003,,Mariachi band instrument,maraca,NN
atc,1998,,Artist Chagall,marc,NNP
atc,1998,,Pelagic,maritime,JJ
atc,1998,,The Red Planet,mars,NNP
atc,1998,,Mardi Gras wear,masks,NNS
atc,2004,,Spars,masts,NNS
atc,1998,,Kind of idol,matinee,JJ
atc,2002,,Heavy hammer,maul,NN
atc,1998,,Harvard degs.,mbas,NNS
atc,1998,,Average,mean,JJ
atc,1998,,"Anne of ""Archie Bunker's Place""",meara,NNP
atc,2003,,Pre-___ (doc.track),med,NN
atc,2003,,Happen upon,meet,VB
atc,2001,,Conductor Zubin,mehta,NNP
atc,2002,,Funny man Brooks,mel,NNP
atc,2002,,Kind of toast,melba,NN
atc,1999,,Soften up,melt,VB
atc,1998,,Part of a group,member,NN
atc,1998,,Spiteful remarks,meows,NNS
atc,2003,,Just,mere,JJ
atc,2002,,First name in TV talk,merv,NNP
atc,2001,,More untidy,messier,JJR
atc,1998,,It's read by the gas man,meter,NN
atc,2003,,Sounded catty?,mewed,VBD
atc,1999,,Kittens' cries,mews,NNS
atc,2004,,Impasse,mexicanstandoff,NN
atc,2002,,Rambo rescuers,mias,NNPS
atc,1999,,Input devices,mice,NNS
atc,2001,,Jagger of the Rolling Stones,mick,NNP
atc,2001,,Started the day right?,milked,VBD
atc,1998,,Saw or wind ender,mill,NN
atc,1998,,Dice,mince,VB
atc,2003,,Underage coal-digger?,minorminer,NN
atc,2002,,After-dinner freebies,mints,NNS
atc,2002,,Negative,minus,IN
atc,1999,,Christmas greenery,mistletoe,NN
atc,2004,,Teary,mistyeyed,JJ
atc,2003,,Extinct ostrich,moa,NN
atc,2004,,1994 Alpine skiing gold medalist Tommy,moe,NNP
atc,1998,,Curly's tormentor,moe,NNP
atc,2002,,Sweater material,mohair,NN
atc,2002,,Bedewed,moist,JJ
atc,1997,,Filling station,molar,NN
atc,2004,,Brotherhood members,monks,NNS
atc,2004,,__ juice (milk),moo,NN
atc,2002,,Code word?,morse,NNP
atc,2003,,Closet invader,moth,NN
atc,2001,,Sweater eater,moth,NN
atc,2001,,May event,mothersday,NNP
atc,1998,,Artistic themes,motifs,NNS
atc,2001,,Grass cutter,mower,NN
atc,1998,,Makes faces at the camera,mugs,VBZ
atc,2001,,Add spice to wine,mull,VB
atc,1997,,Our ___ Friend,mutual,JJ
atc,2003,,"Zip, to Zapata",nada,NN
atc,2003,,Ingenuous to Yves,naif,FW
atc,2002,,Filed item,nail,NN
atc,1999,,Establish conclusively,naildown,VB
atc,1998,,Arnold Schwarzenegger has a long one,name,NN
atc,1998,,Thai river,nan,NNP
atc,2002,,Darling's dog,nana,NNP
atc,2001,,"Mary Poppins, for one",nanny,NN
atc,2004,,Back of the neck,nape,NN
atc,2004,,Cape Canaveral gr.,nasa,NNP
atc,1998,,The __ of Islam,nation,NNP
atc,2003,,Congressional vote,nay,NN
atc,1998,,Least remote,nearest,JJS
atc,2003,,Without ice,neat,JJ
atc,1998,,Dime-novelist Buntline,ned,NNP
atc,2002,,Nancy Drew's boyfriend,ned,NNP
atc,2004,,Can't live without,need,VB
atc,2004,,Required,needed,VBN
atc,1998,,"Refusals, in short",negs,NNS
atc,2004,,Diamond of fame,neil,NNP
atc,2001,,Classic start,neo,JJ
atc,1999,,Sign element,neon,NN
atc,2004,,They'd rather study than party,nerds,NNS
atc,2000,,Sea nymph of Greek mythology,nereid,NN
atc,2004,,Famous fiddler,nero,NNP
atc,1998,,Peter and Franco,neros,NNPS
atc,1998,,Aerie,nest,NN
atc,2002,,Court divider,net,NN
atc,1999,,Jersey hoopsters,nets,NNPS
atc,1998,,Reno's state,nevada,NNP
atc,2000,,Unused,new,JJ
atc,1998,,Most fashionable,newest,JJS
atc,2002,,Tagliabue's org.,nfl,NN
atc,2002,,Sibling's offspring,niece,NN
atc,2001,,Diarist Anais,nin,NNP
atc,2003,,Robert De ___,niro,NNP
atc,2003,,Czechoslovakian city,nitra,NNP
atc,2004,,Capone associate Frank,nitti,NNP
atc,2004,,Ancient mariner,noah,NNP
atc,1998,,Duke or earl,noble,NN
atc,2001,,Swellings,nodes,NNS
atc,1998,,Blithe Spirit author Coward,noel,NNP
atc,2001,,Christmas,noel,NN
atc,2004,,Christmas carol,noel,NN
atc,2002,,Thumbs-downs,noes,NNS
atc,1997,,Preferred checking account,nofee,JJ
atc,2001,,Stop beginner,non,NN
atc,1999,,Zilch,none,NN
atc,2004,,Composition for an ennead,nonet,NN
atc,2002,,Outside the law,nonlegal,JJ
atc,2004,,Twelve,noon,NN
atc,1998,,Pinocchio's lie detector,nose,NN
atc,2003,,Commenting on,noticing,VBG
atc,2002,,Part of speech,noun,NN
atc,1998,,PBS series,nova,NNP
atc,2003,,At this time,nowadays,RB
atc,2004,,Pistol-packing org.,nra,NN
atc,2002,,Subtle difference,nuance,NN
atc,2003,,Gist,nub,NN
atc,1999,,Pushy people?,nudgers,NNS
atc,2000,,Woman with a habit,nun,NN
atc,2000,,Greek letters,nus,FW
atc,1998,,Comedian Louis,nye,NNP
atc,2002,,Galoot,oaf,NN
atc,2004,,"Flabby, and then some",obese,JJ
atc,2001,,Paid attention to,obeyed,VBD
atc,2002,,Off-Broadway award,obie,NNP
atc,2002,,Aim: Abbr.,obj,NN
atc,1999,,"Seat of Marion County, FL",ocala,NNP
atc,1998,,Spotted cat,ocelot,NN
atc,2002,,Earth tone,ochre,NN
atc,1999,,Yellowish,ochreous,JJ
atc,1999,,Where Lts. are trained,ocs,NNS
atc,1997,,Columbus Day mo.,oct,NNP
atc,2004,,"Eight, in combinations",octa,NN
atc,2001,,Like a single sock,odd,JJ
atc,2000,,Lyric poems,odes,NNS
atc,2004,,Golden Boy writer Clifford,odets,NNP
atc,1999,,Thor's dad,odin,NNP
atc,2001,,Parts maker,oem,NNP
atc,2001,,Wine: Prefix,oeno,NN
atc,1998,,"Repeatedly, in rhyme",oft,RB
atc,2003,,Molding shape,ogee,NN
atc,2004,,Legendary monsters,ogres,NNS
atc,2003,,Mitchell belle,ohara,NNP
atc,2004,,Whoopee!,ohboy,UH
atc,2004,,Burns classic,ohgod,NNP
atc,1998,,Impedance unit,ohm,NN
atc,2002,,Gumbo veggie,okra,NN
atc,2002,,Stew vegetable,okra,NN
atc,2002,,Doo-wop classics,oldies,NNS
atc,2003,,Margarines,oleos,NNS
atc,2001,,Pamplonan street sounds,oles,UH
atc,2002,,Hodgepodge,olio,NN
atc,2003,,Actor Sharif,omar,NNP
atc,1997,,Warning,omen,NN
atc,1998,,Fail to mention,omit,VB
atc,2000,,Leave out,omit,VB
atc,2000,,Melville novel,omoo,NNP
atc,2001,,Melville work,omoo,NNP
atc,2004,,"Not __! (""Never!"")",onabet,RB
atc,2002,,__ Fine Day,one,CD
atc,2004,,My __ and Only,one,CD
atc,1999,,20% of a fin,one,CD
atc,2004,,Ryan or Tatum,oneal,NNP
atc,1998,,Vegas enticements,onearmedbandits,NNS
atc,2004,,Hit by 39A,onemomentintime,NNP
atc,2000,,Wallet fillers,ones,NNS
atc,2003,,Salad pepper-upper,onion,NN
atc,2003,,Japanese Beatle?,ono,NNP
atc,2002,,Expression of joy,ooh,UH
atc,1998,,Klutzy comment,oops,UH
atc,1999,,Milky stone,opal,NN
atc,1997,,Gallery offering,opart,NN
atc,2004,,Oily group?,opec,NN
atc,1999,,Out-of-doors,openair,JJ
atc,2000,,In public,openly,RB
atc,1998,,"Falstaff, e.g.",opera,NN
atc,1998,,Mayberry carrottop,opie,NNP
atc,1997,,Nocturnal marsupials,opossums,NNS
atc,2002,,Foes,opponents,NNS
atc,1999,,Measure against,oppose,VB
atc,1998,,Photo ___,ops,NNS
atc,1998,,Choose,opt,VB
atc,1999,,Kind of exam,oral,JJ
atc,1998,,Reverend Roberts,oral,NNP
atc,2001,,Mount the soapbox,orate,VB
atc,1998,,"Sun or moon, e.g.",orb,NN
atc,2003,,Ocean predator,orca,NN
atc,1998,,"Quint's ship in ""Jaws""",orca,NNP
atc,2003,,Northwestern st.,ore,NNP
atc,1998,,Acrylic fiber,orlon,NN
atc,2003,,River to the English Channel,orne,NNP
atc,1998,,Minneapolis suburb,orono,NNP
atc,2003,,Hockey great,orr,NNP
atc,1999,,Lyricist Hammerstein,oscar,NNP
atc,1999,,Work-safety org.,osha,NNP
atc,2004,,Worker safety gr.,osha,NNP
atc,2003,,Fahrenheit 451 actor Werner,oskar,NNP
atc,2003,,Wild Bill's WW II org.,oss,NNP
atc,1999,,Actor Davis,ossie,NNP
atc,1998,,"Davis of ""Grumpy Old Men""",ossie,NNP
atc,2004,,Our Gang affirmative,otay,UH
atc,2003,,Ear-related prefix,oto,NN
atc,2001,,Nebraskan natives,otos,NNS
atc,1998,,Famous Giant,ott,NNP
atc,2002,,Giant of a Giant,ott,NNP
atc,2004,,Legendary Giant,ott,NNP
atc,1999,,Furry swimmer,otter,NN
atc,1998,,Beetle Bailey pooch,otto,NNP
atc,2002,,No longer fashionable,out,JJ
atc,2002,,Egg-shaped,oval,JJ
atc,2001,,Elliptical,oval,JJ
atc,2004,,Like a famous office,oval,JJ
atc,1998,,Shape of the Old Brickyard,oval,NN
atc,2004,,Cooking chamber,oven,NN
atc,2003,,Hot spot,oven,NN
atc,2002,,Done,over,IN
atc,2000,,Excess,overkill,JJ
atc,1997,,Above-board,overt,JJ
atc,2002,,Was in the hole,owed,VBD
atc,1998,,Carson's predecessor,paar,NNP
atc,1998,,Certain racehorse,pacer,NN
atc,2001,,Military chaplain,padre,NN
atc,2004,,Beep,page,VB
atc,2002,,Prehistoric life pursuer,palaeontologist,NN
atc,2003,,Monty Python team member,palin,NNP
atc,2004,,Judges' group,panel,NN
atc,2001,,Haydn or Hemingway,papa,NN
atc,1998,,Mama's partner,papa,NN
atc,2002,,Deflect a blow,parry,VB
atc,1999,,"Annie Oakley, for one",pass,NN
atc,2004,,__-cake,pata,NN
atc,2003,,Country lane,path,NN
atc,2004,,Redo the road,pave,VB
atc,2002,,Handled roughly,pawed,VBD
atc,2004,,Agt.'s take,pct,NN
atc,2004,,APB broadcasters,pds,NNS
atc,1999,,Hee Haw's Minnie,pearl,NNP
atc,2003,,TWO,peasinapod,NNS
atc,2003,,Bog product,peat,NN
atc,2002,,Type of moss,peat,NN
atc,1998,,Get-up-and-go,pep,NN
atc,1998,,Kind of talk or pill,pep,JJ
atc,1998,,___ up (enlivens),peps,VBZ
atc,2000,,____ diem,per,FW
atc,2004,,For each,per,IN
atc,1998,,Rare musical ability,perfectpitch,NN
atc,1998,,Problem for Pauline,peril,NN
atc,1999,,Individual,person,NN
atc,2003,,Durango dinero,peso,NNP
atc,1998,,"Dennis, to Mr. Wilson",pest,NN
atc,2003,,Annoyances,pests,NNS
atc,2003,,Favorite,pet,JJ
atc,1998,,Hoops legend Maravich,pete,NNP
atc,1998,,__ out (exhaust),peter,VB
atc,2004,,Lab dish,petri,NN
atc,1999,,Fuzzy Zoeller's gr.,pga,NNP
atc,1998,,Punxsutawney __,phil,NNP
atc,2003,,"Kingdom divisions, biologically",phyla,NNS
atc,2001,,"Steinway, e.g.",piano,NN
atc,2004,,Cinch,pieceofcake,NN
atc,1998,,Coins,pieces,NNS
atc,1998,,Bridge platform,pier,NN
atc,2002,,Heaps,piles,NNS
atc,1998,,United employees,pilots,NNS
atc,1998,,Arcade games,pinballmachines,NNS
atc,2002,,Soup bean,pinto,NN
atc,2002,,Pocket bread,pita,NN
atc,1999,,Actress ZaSu,pitts,NNP
atc,1997,,Adjuration,plea,NN
atc,2002,,Enviable assignment,plum,NN
atc,2002,,More than,plus,IN
atc,1998,,Ulalume author,poe,NNP
atc,1998,,Donne or Dickinson,poet,NN
atc,1998,,Versifier,poet,NN
atc,2003,,Comic strip possum,pogo,NNP
atc,2003,,Okefenokee Swamp resident,pogo,NNP
atc,2002,,Totally opposite,polar,JJ
atc,1998,,Sport with mounts and mallets,polo,NN
atc,1999,,Consider at length,ponder,VB
atc,2001,,Cold cream brand,ponds,NNP
atc,1998,,Pioneering video game,pong,NNP
atc,1999,,"__-Bah (""The Mikado"" character)",pooh,NNP
atc,1999,,Down-and-out,poor,JJ
atc,1999,,Stovetop vessel,pot,NN
atc,2001,,Including shipping: abbr.,ppd,NN
atc,2002,,Commend,praise,VB
atc,2001,,Idle chatterers,praters,NNS
atc,1998,,Dresses to the nines,preens,VBZ
atc,1998,,Carnivore's quarry,prey,NN
atc,2003,,Strait-laced,prim,JJ
atc,1998,,Laborer,prole,NN
atc,2002,,Air spinner,propeller,NN
atc,1998,,Pop the question,propose,VB
atc,1998,,Expression of disbelief,pshaw,UH
atc,1997,,Greek character,psi,FW
atc,1998,,"Hey, you!",psst,UH
atc,1999,,They have open houses,ptas,NNS
atc,1998,,"__ Arenas, Chile",punta,NNP
atc,1998,,Stickler for perfection,purist,NN
atc,1999,,Don,puton,VB
atc,2002,,Ear cleaner,qtip,NN
atc,2003,,Circular game piece,quoit,NN
atc,2001,,"Indy, for one",race,NN
atc,2001,,Meet event,race,NN
atc,1998,,Inflorescence,raceme,NN
atc,1999,,__ Dawn Chong,rae,NNP
atc,2002,,Floater,raft,NN
atc,1999,,Crowd cheers,rahs,NNS
atc,1998,,___ on Entebbe,raid,NN
atc,2002,,Symbol of thinness,rail,NN
atc,1999,,October yard worker,raker,NN
atc,2003,,Northern Minnesota resort capital,ranier,NNP
atc,2003,,One who carries on,ranter,NN
atc,2002,,Certain mod music,rap,NN
atc,2003,,Kind of session,rap,NN
atc,1998,,Still bloody,rare,JJ
atc,2001,,Harder to locate,rarer,JJR
atc,1999,,__ Tafari,ras,NNP
atc,2002,,Evaluator,rater,NN
atc,2003,,Sent out shafts of light,rayed,VBD
atc,1998,,Synthetic textile,rayon,NN
atc,1998,,Demolish,raze,VB
atc,2002,,Primer,reader,NN
atc,1998,,Most prepared,readiest,JJS
atc,2000,,Genuine,real,JJ
atc,1997,,Rope,reata,NN
atc,2001,,McEntire of country,reba,NNP
atc,2001,,Singer McEntire,reba,NNP
atc,2002,,Insurrectionist,rebel,NN
atc,1997,,Win back,recoup,VB
atc,2003,,Decorating anew,redoing,VBG
atc,2002,,Lipstick colors,reds,NNS
atc,1999,,Great Barrier __,reef,NN
atc,2002,,Female ruff,reeve,NN
atc,1998,,Foul caller,ref,NN
atc,2001,,TKO caller,ref,NN
atc,2003,,Attribute to,refer,VB
atc,1998,,WWF officials,refs,NNS
atc,2002,,Marley's music,reggae,NN
atc,2003,,Harness piece,rein,NN
atc,2002,,Put out,release,VB
atc,2003,,1934 Douglas Freeman biography,relee,NNP
atc,2000,,Dreamer's reactions,rems,NNS
atc,2003,,Stimpy's pal,ren,NNP
atc,2000,,Tear,rend,VB
atc,1998,,Painter Magritte,rene,NNP
atc,2001,,Philosopher Descartes,rene,NNP
atc,2003,,Time extension?,renewal,NN
atc,1998,,"Italian painter, Guido _____",reni,NNP
atc,1999,,Lives in an apartment,rents,VBZ
atc,1998,,Classic car,reo,NNP
atc,1999,,Resumed,reopened,VBD
atc,1998,,Turn off,repel,VB
atc,1998,,Lie back,repose,VB
atc,1998,,Adjust,reset,VB
atc,1999,,Caesura,rest,NN
atc,1999,,Take five,rest,VB
atc,2003,,Part of eye makeup,retina,NN
atc,1999,,Hit the sack,retire,VB
atc,2000,,Employs again,reuses,VBZ
atc,1997,,Gun the engine,revup,VB
atc,2001,,"Rock and Roll, Hoochie Koo singer",rickderringer,NNP
atc,2003,,Fixes election results,rigs,NNS
atc,2003,,Disgruntled,riled,VBN
atc,2003,,Grande or Plata,rio,NNP
atc,2003,,Turbulent scene,riot,NN
atc,1998,,Kind of artist,ripoff,JJ
atc,1998,,__ of passage,rite,NN
atc,2003,,Heredity init.,rna,NN
atc,1998,,Extra cellular fee,roam,NN
atc,1997,,Stern sidekick,robinquivers,NNP
atc,2002,,Spare the __ ...,rod,NN
atc,1997,,Thesaurus title,rogets,NNP
atc,2002,,Nancy rich kid,rollo,NNP
atc,2003,,Gambrel or mansard,roof,NN
atc,2002,,Wide World of Sports creator Arledge,roone,NNP
atc,1999,,TV producer Arledge,roone,NNP
atc,2000,,Tie or lanyard,rope,NN
atc,1998,,One of California's Santas,rosa,NNP
atc,2003,,Abie's girl,rose,NNP
atc,1999,,American Beauty,rose,NNP
atc,2000,,Poet Christina,rossetti,NNP
atc,1998,,Fixed procedure,rote,NN
atc,2003,,Propels a watercraft manually,rows,VBZ
atc,1998,,Judge Bean,roy,NNP
atc,1997,,"66, e.g.",rte,NN
atc,1998,,"TV's 66, for one",rte,NN
atc,1997,,Bumpkins,rubes,NNS
atc,2003,,More Ill-mannered,ruder,JJR
atc,2003,,Despot,ruler,NN
atc,2003,,A step up,rung,NN
atc,1998,,10K specialist,runner,NN
atc,2002,,Subterfuge,ruse,NN
atc,2001,,Sandberg of the Cubs,ryne,NNP
atc,2003,,German industrial region,saar,NNP
atc,2002,,Ceremonial weapon,saber,NN
atc,2003,,Pouchlike structure,sac,NN
atc,1999,,Get droopy,sag,VB
atc,2002,,Black Friday event,sale,NN
atc,1998,,Cause of a Macy's riot?,sale,NN
atc,2002,,Western pub,saloon,NN
atc,2002,,Spicy dip,salsa,NN
atc,2003,,Skeptic's grain,salt,NN
atc,1998,,Rio tango,samba,NN
atc,1999,,Identical,same,JJ
atc,1998,,Greg Norman's woe,sandtrap,NN
atc,2000,,Compos mentis,sane,JJ
atc,1998,,Spilled the beans,sang,VBD
atc,2001,,Third generation of Japanese-Americans,sansei,NN
atc,1998,,__ Miguel (largest of the Azores),sao,NNP
atc,1998,,Burgundy river,saone,NNP
atc,2001,,Poet Teasdale,sara,NNP
atc,2001,,Scandinavian flier,sas,NNP
atc,2003,,Cheek,sass,NN
atc,1999,,Impudence,sass,NN
atc,1999,,Satisfies fully,sates,VBZ
atc,1998,,Car name,saturn,NNP
atc,2003,,Sliced into sheets,sawn,VBN
atc,2002,,Diane or Forrest,sawyer,NNP
atc,2002,,Shutterbug's request,saycheese,VB
atc,2001,,The Lion King lion,scar,NNP
atc,2003,,Appendectomy reminder,scar,NN
atc,2000,,Frighten,scare,VB
atc,1998,,Asimov's genre,scifi,NN
atc,1999,,Oodles,scores,NNS
atc,2001,,Gust of wind,scud,NN
atc,1998,,Star Wars init.,sdi,NNP
atc,2001,,Radical '60s gr.,sds,NNP
atc,2002,,Liner route,sealane,NN
atc,1998,,Layer of coal,seam,NN
atc,1999,,Lennon' s boy,sean,NNP
atc,2001,,Word with rumble or bucket,seat,NN
atc,1998,,"Drop out, officially",secede,VB
atc,2002,,Min. fractions,secs,NNS
atc,2003,,Faction,sect,NN
atc,2002,,Figure out,see,VB
atc,1998,,Get the hang of,see,VB
atc,2002,,Visualize,see,VB
atc,2002,,Peach pit,seed,NN
atc,1999,,Ooze,seep,VB
atc,2002,,"David of ""Falcon Crest""",selby,NNP
atc,2002,,Magazine launched in 1978,self,NNP
atc,2001,,Broker's order,sell,VB
atc,2002,,18-wheeler,semi,NN
atc,2000,,Cathartic plant,senna,NN
atc,2003,,Medicinal plant,senna,NN
atc,2002,,Dispatched,sent,VBD
atc,1997,,Posted,sent,VBD
atc,2002,,Flower part,sepal,NN
atc,1999,,Like a petal,sepalous,JJ
atc,2002,,Attack,seton,VB
atc,2000,,Arranges a table,sets,VBZ
atc,2002,,Heated argument,setto,NN
atc,1999,,Golfer Ballesteros,seve,NNP
atc,2003,,Snorkel or Friday,sgt,NN
atc,2003,,Mine passage,shaft,NN
atc,2003,,Deceit,sham,NN
atc,1998,,Tek series author,shatner,NNP
atc,1998,,One-horse carriage,shay,NN
atc,1998,,Backyard structures,sheds,NNS
atc,2001,,"Charlie of ""Platoon""",sheen,NN
atc,1998,,Can it!,shh,UH
atc,2000,,Evade a duty,shirk,VB
atc,2002,,"Brogan, for one",shoe,NN
atc,2003,,Use a camera,shoot,VB
atc,2001,,Muttonchops,sideburns,NNS
atc,1998,,Greek letter,sigma,FW
atc,2000,,Triangle ratio,sine,NN
atc,1998,,Trig function,sine,NN
atc,1999,,Burn superficially,singe,VB
atc,2003,,Typing format,singlespace,JJ
atc,2002,,Thimblefuls,sips,NNS
atc,1997,,Royal address,sire,NNP
atc,1997,,Gents,sirs,NNS
atc,1999,,Schuss,ski,VB
atc,1999,,Dodge (the issue),skirt,VB
atc,2003,,Aspen feature,skislopes,NNS
atc,2000,,Part of a revue,skit,NN
atc,2002,,Defeat overwhelmingly,skunk,VB
atc,2002,,Big chunk,slab,NN
atc,1998,,Quench,slake,VB
atc,1998,,Allayed one's thirst,slaked,VBD
atc,1998,,Having a bluish-gray hue,slaty,JJ
atc,1997,,"Tsar, often",slav,NN
atc,1998,,Snowy slope slider,sled,NN
atc,2000,,Like a successful dieter,slender,JJ
atc,2001,,___ cog (err),slipa,VB
atc,2001,,Sofa protectors,slipcovers,NNS
atc,2002,,Drool,slobber,NN
atc,2003,,___-eyed,sloe,JJ
atc,1997,,Atlantic City machine,slot,NN
atc,1997,,Ai's and others,sloths,NNS
atc,2001,,Turn on an axis,slue,VB
atc,1999,,Crafty,sly,JJ
atc,1998,,Hook sidekick,smee,NNP
atc,1999,,One of the Rice Krispies sounds,snap,NN
atc,1998,,"Attach, in a way",snapin,VB
atc,2001,,Dummy Mortimer,snerd,NNP
atc,2002,,Ambushes,snipes,VBZ
atc,2001,,High-nosed one,snob,NN
atc,2003,,Spy on,snoop,VB
atc,1999,,Proboscis,snout,NN
atc,1998,,Frosty characters,snowmen,NNS
atc,2001,,Like some winter days,snowy,JJ
atc,2002,,Bits of schmaltz,sobstories,NNS
atc,1998,,One sci.,soc,JJ
atc,1997,,Evening party,soiree,NN
atc,2001,,Stained-glass artist's need,solderingfe,NN
atc,2001,,"Kiefer, to Donald",son,NN
atc,1997,,Some offspring,sons,NNS
atc,2003,,Singing voice,soprano,NN
atc,1998,,Dowses,sops,VBZ
atc,1997,,French philosopher,sorel,NNP
atc,1997,,He's in his cups,sot,NN
atc,1998,,"Small amount, moneywise",sou,NN
atc,2000,,Tofu base,soy,NN
atc,2000,,Fat farm,spa,NN
atc,1997,,Room to breathe,space,NN
atc,1998,,Garden tool,spade,NN
atc,1999,,Unwanted E-mail,spam,NN
atc,2003,,Bridge,span,VB
atc,1998,,Sail support,spar,NN
atc,2002,,Sudden outpouring of PATES?,spate,NN
atc,1997,,Pet protector: acronym,spca,NNP
atc,1998,,Watusi weapons,spears,NNS
atc,1998,,__ sheet (builder's instructions),spec,JJ
atc,1998,,On ___ (with an eye toward selling),spec,JJ
atc,1998,,Gush forth,spew,VB
atc,2002,,Top movement,spin,NN
atc,1998,,"Wrestling, for one",sport,NN
atc,1998,,Matrimonial,spousal,JJ
atc,2002,,Gushed,spouted,VBD
atc,2002,,Show dissension,squabble,VB
atc,1998,,Sp. lady,sra,FW
atc,1997,,AARP members,srs,NNS
atc,2003,,NNW's opposite,sse,NN
atc,2003,,Draft org.,sss,NNP
atc,1998,,JFK sight,sst,NNP
atc,1997,,Quickie flights,ssts,NNS
atc,1999,,"Lesley of ""60 minutes""",stahl,NNP
atc,1999,,Leaky-pen consequence,stain,NN
atc,2001,,Envelope attachment,stamp,NN
atc,1998,,Film VIP,star,NN
atc,1998,,"Apt rhyme for ""glare""",stare,NN
atc,2003,,Brenda of the comics,starr,NNP
atc,2000,,Catch unaware,startle,VB
atc,1998,,When all forces are at rest,stases,NNS
atc,2002,,Squirrel away,stash,VB
atc,1999,,"RBI, e.g.",stat,NN
atc,1998,,"Mississippi, for one",state,NNP
atc,2001,,Secretary Powell's Department,state,NN
atc,1998,,Put into words,stated,VBN
atc,2000,,Barbecue fare,steaks,NNS
atc,1998,,"Silver, to the Lone Ranger",steed,NNP
atc,2003,,Take the helm,steer,VB
atc,1998,,Derive from,stem,VB
atc,1999,,Ten-gallon hat,stetson,NNP
atc,1999,,Higher Love singer Winwood,steve,NNP
atc,2003,,Worry about,stew,NN
atc,2002,,Bunker command?,stifle,VB
atc,2001,,Calabooses,stirs,NNS
atc,2002,,Cardinal monogram,stl,NN
atc,1999,,Portico,stoa,NN
atc,2002,,Greek promenades,stoas,NNS
atc,1998,,Summer ermines,stoats,NNS
atc,2001,,Dracula creator,stoker,NNP
atc,2001,,...face that would ____ clock,stopa,VB
atc,2001,,Hurricane or blizzard,storm,NN
atc,1999,,Oil-treatment letters,stp,NNP
atc,1998,,"March honoree, for short",stpat,NNP
atc,1998,,Ave. crossers,sts,NNS
atc,1999,,Original Beatle Sutcliffe,stu,NNP
atc,2002,,Tail end,stub,NN
atc,1999,,Decorative plaster,stucco,NN
atc,1999,,Wall finish,stucco,NN
atc,1998,,Tux need,stud,NN
atc,2000,,Fashions,styles,NNS
atc,1998,,Plum-pudding ingredient,suet,NN
atc,1997,,Poison ___,sumac,NN
atc,2003,,Lovin' Spoonful hit,summerinthecity,NN
atc,1999,,Apartment leak-fixers,supers,NNS
atc,1998,,"Ross, for a time",supreme,NNP
atc,2001,,Booty,swag,NN
atc,1998,,Alfred Nobel,swede,NNP
atc,2001,,Win every game,sweep,VB
atc,2002,,Kind of tooth or talk,sweet,JJ
atc,2003,,Paddle in the pool,swim,VB
atc,2002,,Puts off,tables,VBZ
atc,1998,,Implied,tacit,JJ
atc,1998,,Small fellows,tads,NNS
atc,2002,,__ chi (exercise system),tai,NNP
atc,1998,,Mai ___ (bar order),tai,NNP
atc,2003,,After bath dust,talc,NN
atc,2003,,After-bath powder,talc,NN
atc,1997,,Aberdeen topper,tam,NN
atc,2003,,Work on the road?,tar,NN
atc,2003,,Skater Lipinsky,tara,NNP
atc,1999,,Pierre's afternoon,tarde,FW
atc,2001,,Pack to the future?,tarot,NNP
atc,2001,,Like a sourball,tart,JJ
atc,2002,,They take you to the top,tbars,NNS
atc,2003,,Brewed beverage,tea,NN
atc,2002,,Social service?,tea,NN
atc,2001,,Tempest spot?,teacup,NN
atc,1999,,P.I.,tec,NN
atc,2003,,Peg with a concave top,tee,NN
atc,1997,,Over 12,teen,JJ
atc,2003,,Young adults,teens,NNS
atc,2003,,Office misadventures,telephonetag,NN
atc,1998,,Spill the beans,tell,VB
atc,2002,,Bowling,tenpins,NNS
atc,1997,,On edge,tense,JJ
atc,1999,,Past perfect,tense,NN
atc,2003,,Tithing amount,tenth,JJ
atc,2002,,Moore or Bradshaw,terry,NNP
atc,1999,,Tracy's Trueheart,tess,NNP
atc,2001,,Head of France,tete,NNP
atc,1998,,Place for a chapeau,tete,NN
atc,2003,,Bara of old flicks,theda,NN
atc,1997,,There's gold in ___ thar hills,them,JJ
atc,2002,,Doctoral dissertations,theses,NNS
atc,1998,,Exercise one's gray matter,think,VB
atc,1998,,"Rapid firer, formally",thomasgun,NN
atc,2003,,Separate grain,thresh,VB
atc,1998,,Concede,throwinthetowel,VB
atc,1999,,So,thus,RB
atc,1997,,Wild cats,tigers,NNS
atc,1998,,Mah jongg piece,tile,NN
atc,2002,,Steering gear,tiller,NN
atc,2001,,Pinball flub,tilt,NN
atc,2000,,Colors,tints,NNS
atc,2002,,Tennessee tight end,titan,NNP
atc,2003,,PA nuclear accident site,tmi,NNP
atc,1998,,"Skoal! or ""salud!""",toast,NN
atc,1999,,Fuss,todo,NN
atc,1998,,Breaks one's back,toils,VBZ
atc,2002,,Related,told,VBN
atc,1999,,Coal delivery unit,ton,NN
atc,2003,,Loads,tons,NNS
atc,2003,,Also,too,RB
atc,1999,,B&D makes them,tools,NNS
atc,1998,,Area of discussion,topic,NN
atc,2003,,Ripped,tore,VBD
atc,1998,,Pressure unit,torr,NN
atc,1997,,Yankee manager Joe,torre,NNP
atc,1999,,Flip of a coin,toss,VB
atc,2001,,Ref's pregame duty,toss,VB
atc,1998,,Succumb to seasickness,tossonescookies,VB
atc,2000,,Rugrat,tot,NN
atc,2001,,Drags along,tows,VBZ
atc,1998,,__ element,trace,JJ
atc,1999,,Search for,trace,VB
atc,2003,,Family chart,tree,NN
atc,2001,,Famed fountain,trevi,NNP
atc,1999,,Sojourn,trip,NN
atc,2003,,Racing coup,triplecrown,NNP
atc,2003,,Three-part painting,triptych,NN
atc,2001,,Unoriginal,trite,JJ
atc,1999,,Under-bridge dweller of myth,troll,NN
atc,1998,,Marching unit,troop,NN
atc,1998,,"Response to a stimulus, biologically",tropism,NN
atc,2001,,Makes level,trues,VBZ
atc,1998,,Take a crack at,try,VB
atc,2003,,The Waste Land poet's monogram,tse,NNP
atc,2003,,Gold Coast language,tshi,NNP
atc,2000,,Part of the brass section,tubas,NNS
atc,1999,,Ernest of country,tubb,NNP
atc,2003,,Dense clumps,tufts,NNS
atc,2003,,Small tower,tug,NN
atc,2002,,"Use a fork, in a way",tune,VB
atc,2003,,Midnight,twelve,CD
atc,2003,,"Daly of ""Cagney & Lacey""",tyne,NNP
atc,2001,,Pound an Underwood,type,VB
atc,1998,,DRAFT,typeofbeer,NN
atc,2002,,Big name in chicken,tyson,NNP
atc,2002,,Abu Dhabi's federation: Abbr.,uae,NNP
atc,2003,,Western campus,ucla,NNP
atc,1998,,The X-Files topic,ufo,NN
atc,1999,,Range of the Beehive State,uinta,NNP
atc,2001,,"___ Bator, in Mongolia",ulan,NNP
atc,2001,,City on the Danube,ulm,NNP
atc,1999,,In the last month,ultimo,JJ
atc,2002,,Brownish,umber,JJ
atc,1998,,Baseball's ref.,ump,NN
atc,2002,,Having a single element,unary,JJ
atc,1998,,Left on the table,uneaten,JJ
atc,2002,,"Colleges, to Aussies",unis,NNS
atc,2003,,A single one,unit,NN
atc,1998,,One of a set,unit,NN
atc,2003,,Discharge,unlade,VB
atc,1998,,Popular card game,uno,NNP
atc,2003,,Loosen,untie,VB
atc,2001,,Loosen a four-in-hand,untie,VB
atc,2002,,Golden Rule word,unto,IN
atc,2001,,___ no good,upto,IN
atc,2001,,Refined,urbane,JJ
atc,2000,,Sophisticated,urbane,JJ
atc,1998,,More than suggest,urge,VB
atc,2002,,Press on,urge,VB
atc,2003,,Encouraged,urged,VBD
atc,1998,,First name in spoon-bending,uri,NNP
atc,2002,,"Web site address, for short",url,NN
atc,1997,,Vessel,urn,NN
atc,1999,,Bear in the sky,ursa,NNP
atc,1999,,Celestial bear,ursa,NNP
atc,2001,,Bearlike,ursine,JJ
atc,2001,,B-52 gr.,usaf,NNP
atc,2001,,Purpose,use,NN
atc,1998,,__-friendly (easy to operate),user,NN
atc,2001,,Former UN member,ussr,NNP
atc,2002,,Actress Hagen,uta,NNP
atc,1999,,Zion National Park home,utah,NNP
atc,2001,,Amerind,ute,NNP
atc,1997,,Birth places,uteri,NNS
atc,2002,,Submachine gun,uzi,NN
atc,2003,,Unoccupied,vacant,JJ
atc,1998,,Lower,vail,VB
atc,1998,,Rochester was one,valet,NN
atc,2001,,Hooligan,vandal,NN
atc,2001,,Deviate,vary,VB
atc,2002,,Most expansive,vastest,JJS
atc,2002,,Brew-pub sights,vats,NNS
atc,1998,,Safe places,vaults,NNS
atc,1998,,Long-windedness,verbiage,NN
atc,2000,,Left-hand page,verso,NN
atc,2002,,Singer Damone,vic,NNP
atc,1998,,Tarzan's transport,vines,NNS
atc,1998,,Stringed instruments,viols,NNS
atc,1997,,I or II of a series: abbr.,vol,NN
atc,2001,,Yippee!,wahoo,UH
atc,2002,,Remains,waits,VBZ
atc,1998,,Places for hangings,walls,NNS
atc,2003,,Suffix with silver or glass,ware,NN
atc,2003,,Squander,waste,VB
atc,2002,,Dragnet's Jack,webb,NNP
atc,1998,,Grieve,weep,VB
atc,1999,,Having lots of money,wellheeled,JJ
atc,2003,,Existed,were,VBD
atc,2001,,Dampens,wets,VBZ
atc,2001,,Vanna's venue,wheeloffortune,NNP
atc,2001,,Hone,whet,VB
atc,2001,,Shoebox datum,width,NN
atc,1998,,Shoebox datum,width,NN
atc,2003,,Legitimate deduction,wife,NN
atc,1998,,"Barnyard scrounger, formally",williamgoat,NN
atc,2001,,"Dries up, as a plant",wilts,VBZ
atc,1999,,Skater Katarina,witt,NNP
atc,1998,,Where we all begin,womb,NN
atc,1998,,Suitor,wooer,NN
atc,2002,,Cashmere and merino,wools,NNS
atc,1998,,Operating manual,workbook,NN
atc,1998,,Less desirable,worse,JJR
atc,1998,,Stole,wrap,NN
atc,1999,,Another kind of exam,written,JJ
atc,2002,,Ben Hur director William,wyler,NNP
atc,2003,,One of the noble gases,xenon,NN
atc,2003,,Some cars,xls,NNS
atc,1998,,Pleasure cruiser,yacht,NN
atc,1998,,Brute,yahoo,NN
atc,2002,,Ivy League school,yale,NNP
atc,2002,,Playground,yard,NN
atc,2000,,"Deviated, nautically",yawed,VBD
atc,2003,,"2000, e.g.",year,NN
atc,2002,,Wine-taster's concern,year,NN
atc,2000,,Certain votes,yeas,NNS
atc,2003,,Some votes,yeas,NNS
atc,1999,,Itty-bitty bark,yip,NN
atc,1998,,Ox harness,yoke,NN
atc,2001,,Not me,you,PRP
atc,1999,,Inept one,yoyo,NN
atc,1998,,North Sea feeder,yser,NNP
atc,1999,,She's the Pitts,zasu,NNP
atc,2002,,With no value,zero,CD
atc,1999,,Teen problem,zits,NNS
atc,1998,,"San Diego's covers 2,200 acres",zoo,NN
atc,2004,,Engrave with acid,etch,VB
atc,2004,,Make an aquatint,etch,VB
atc,2004,,__ a Sketch,etch,VB
atc,2004,,__-Sketch,etcha,VB
atc,2004,,Cut into glass,etched,VBN
atc,2004,,Designed with acid,etched,VBN
atc,2004,,Engraved,etched,JJ
atc,2004,,Outlines sharply,etches,VBZ
atc,2004,,JFK posting,etd,NN
atc,2004,,Somme summer,ete,NN
atc,2004,,Ageless,eternal,JJ
atc,2004,,Bible suffix,eth,NNS
atc,2004,,Ordinal ending,eth,NNS
atc,2004,,Fort Ticonderoga capturer Allen,ethan,NNP
atc,2004,,Frome of fiction,ethan,NNP
atc,2004,,Patriot Allen,ethan,NNP
atc,2004,,"""Green Mountain"" patriot",ethanallen,NNP
atc,2004,,Odorless fuel gas,ethane,NN
atc,2004,,"If her lawn turns brown, ________",ethelwaters,NNP
atc,2004,,It's a knockout,ether,NN
atc,2004,,Old anesthetic,ether,NN
atc,2004,,Old-time anaesthetic,ether,NN
atc,2004,,Old-time anesthetic,ether,NN
atc,2004,,Set of principles,ethic,NN
atc,2004,,Set of principles of right conduct,ethic,NN
atc,2004,,Value system,ethic,NN
atc,2004,,Work __,ethic,NN
atc,2004,,Of a distinctive group,ethnic,JJ
atc,2004,,Race: Prefix,ethno,NN
atc,2004,,Moral element,ethos,NN
atc,2004,,__ alcohol,ethyl,NN
atc,2004,,Antiknock fluids,ethyls,NN
atc,2004,,1994 erupter,etna,NNP
atc,2004,,Europe's highest volcano,etna,NNP
atc,2004,,Lab burner,etna,NN
atc,2004,,"Mount whose name means ""I burn""",etna,NNP
atc,2004,,Sicilian sight,etna,NNP
atc,2004,,Sicilian spewer,etna,NNP
atc,2004,,Sicilian spouter,etna,NNP
atc,2004,,Sicilian volcano,etna,NNP
atc,2004,,Lab burners,etnas,NNS
atc,2004,,DDE venue,eto,NNP
atc,2004,,DDE's command,eto,NNP
atc,2004,,007's alma mater,eton,NNP
atc,2004,,A college or collar,eton,NNP
atc,2004,,Berkshire school,eton,NNP
atc,2004,,British school,eton,NNP
atc,2004,,College town on the Thames,eton,NNP
atc,2004,,Henry VI founded it,eton,NNP
atc,2004,,Jacket or collar style,eton,NNP
atc,2004,,Prestigious English school,eton,NNP
atc,2004,,School founded by Henry VI,eton,NNP
atc,2004,,Short jacket,eton,NNP
atc,2004,,Thames town,eton,NNP
atc,2004,,Urban district of southeast-central England,eton,NNP
atc,2004,,Collar and jacket styles,etons,NNP
atc,2004,,Alf and Mork,ets,NNS
atc,2004,,Little green men,ets,NNS
atc,2004,,"Saucer's contents, for short",ets,NNS
atc,2004,,UFO pilots,ets,NNS
atc,2004,,Grammy winner James,etta,NNP
atc,2004,,Jazz singer ___ James,etta,NNP
atc,2004,,Kett of old comics,etta,NNP
atc,2004,,Singer James,etta,NNP
atc,2004,,Sundance's gal,etta,NNP
atc,2004,,Sundance's woman,etta,NNP
atc,2004,,Cigar butt?,ette,NN
atc,2004,,Diminutive suffix,ette,NN
atc,2004,,Disk add-on,ette,NN
atc,2004,,Luncheon followup?,ette,NN
atc,2004,,Major conclusion?,ette,NN
atc,2004,,Major suffix,ette,NN
atc,2004,,Marion's rear?,ette,NN
atc,2004,,Novel conclusion?,ette,NN
atc,2004,,Room extension?,ette,NN
atc,2004,,Suffix with luncheon or kitchen,ette,NN
atc,2004,,Chopin piece,etude,NN
atc,2004,,Debussy piece,etude,NN
atc,2004,,Lady's clutch,etui,NN
atc,2004,,Needle case,etui,NN
atc,2004,,Small case,etui,NN
atc,2004,,32-card game,euchre,NNP
atc,2004,,Big name in geometry,euclid,NNP
atc,2004,,Afr. neighbor,eur,NNP
atc,2004,,Latvia's cont.,eur,NNP
atc,2004,,Old World cont.,eur,NNP
atc,2004,,Part of E.E.C.,eur,NNP
atc,2004,,WWI venue,eur,NNP
atc,2004,,Where It. is,eur,NNP
atc,2004,,"""Aha!""",eureka,UH
atc,2004,,Hoover rival,eureka,NNP
atc,2004,,Disney prefix,euro,NNP
atc,2004,,Disneyland opener?,euro,NNP
atc,2004,,Dollar prefix,euro,NNP
atc,2004,,__ - Disney (French park),euro,NNP
atc,2004,,Continental monetary units,euros,NNS
atc,2004,,"Cary's ""North By Northwest"" co-star",eva,NNP
atc,2004,,Le Gallienne of the theater,eva,NNP
atc,2004,,Role for Madonna,eva,NNP
atc,2004,,Zsa Zsa's sister,eva,NNP
atc,2004,,__ Marie Saint,eva,NNP
atc,2004,,Dodge,evade,VB
atc,2004,,Duck,evade,VB
atc,2004,,"Fail to pay, as taxes",evade,VB
atc,2004,,Get around,evade,VB
atc,2004,,Use a loophole,evade,VB
atc,2004,,Dodger,evader,NN
atc,2004,,"John, in Wales",evan,NNP
atc,2004,,Novelist Hunter,evan,NNP
atc,2004,,Indiana senator in '04,evanbayh,NNP
atc,2004,,"""Luann"" cartoonist Greg ___",evans,NNP
atc,2004,,Gabor and Braun,evas,NNP
atc,2004,,Hesse and Braun,evas,NNP
atc,2004,,Peron and Braun,evas,NNP
atc,2004,,"12/24, for one",eve,NN
atc,2004,,A snake charmed her,eve,NNP
atc,2004,,"Arden of ""Our Miss Brooks""",eve,NNP
atc,2004,,Cain raiser,eve,NNP
atc,2004,,First lady,eve,NNP
atc,2004,,Genesis name,eve,NNP
atc,2004,,Holiday preceder,eve,NNP
atc,2004,,Night before,eve,NN
atc,2004,,Nighttime before,eve,NN
atc,2004,,Seth's mom,eve,NNP
atc,2004,,Daredevil Knievel,evel,NNP
atc,2004,,First name in daredeviltry,evel,NNP
atc,2004,,Author Waugh,evelyn,NNP
atc,2004,,A man named __?,evelynwaugh,NNP
atc,2004,,Divisible by two,even,JJ
atc,2004,,Flush,even,JJ
atc,2004,,Horizontal,even,JJ
atc,2004,,In a dead heat,even,JJ
atc,2004,,Like left-hand page numbers,even,JJ
atc,2004,,Neither up nor down,even,JJ
atc,2004,,One way to break,even,JJ
atc,2004,,Square,even,JJ
atc,2004,,Steven's predecessor?,even,JJ
atc,2004,,Uniform,even,JJ
atc,2004,,Way to keep the keel,even,JJ
atc,2004,,Tied up the score,evened,VBD
atc,2004,,In a precise manner,evenly,RB
atc,2004,,Balances,evens,VBZ
atc,2004,,Levels off,evens,VBZ
atc,2004,,Makes level,evens,VBZ
atc,2004,,Makes uniform,evens,VBZ
atc,2004,,Squares,evens,VBZ
atc,2004,,"""Nevertheless ...""",evenso,RB
atc,2004,,Chronology element,event,NN
atc,2004,,Front-page item,event,NN
atc,2004,,Happening,event,NN
atc,2004,,Incident,event,NN
atc,2004,,Meet segment,event,NN
atc,2004,,Newsreel segment,event,NN
atc,2004,,Occasion,event,NN
atc,2004,,What's going on,events,NNS
atc,2004,,"""Be it __ so humble ...""",ever,RB
atc,2004,,"""Did you __?""",ever,RB
atc,2004,,At all times,ever,RB
atc,2004,,At any time,ever,RB
atc,2004,,"Tyler novel, ""If Morning ___ Comes""",ever,RB
atc,2004,,Hillary conquest,everest,NNP
atc,2004,,Puget Sound port,everett,NNP
atc,2004,,Turn inside out,evert,VB
atc,2004,,__ inch (entirely),every,DT
atc,2004,,Average Joe,everyman,NN
atc,2004,,Holiday preceders,eves,NNS
atc,2004,,Two days in December,eves,NNS
atc,2004,,Designer water,evian,NNP
atc,2004,,Perrier competitor,evian,NNP
atc,2004,,Easily seen,evident,JJ
atc,2004,,Depraved,evil,JJ
atc,2004,,Infamous,evil,JJ
atc,2004,,Like some spirits,evil,JJ
atc,2004,,Mean business,evil,JJ
atc,2004,,Satanic,evil,JJ
atc,2004,,Sinful,evil,JJ
atc,2004,,Sinister,evil,JJ
atc,2004,,In a bad way,evilly,RB
atc,2004,,Destructive deeds,evils,NNS
atc,2004,,Show clearly,evince,VB
atc,2004,,Manifests,evinces,NNS
atc,2004,,Andrew Lloyd Webber musical,evita,NN
atc,2004,,Lloyd Webber title character,evita,NN
atc,2004,,Madonna role,evita,NN
atc,2004,,Like some old memories,evocable,JJ
atc,2004,,Calls up,evokes,VBZ
atc,2004,,Develop,evolve,VB
atc,2004,,Farm female,ewe,NN
atc,2004,,Farm mama,ewe,NN
atc,2004,,Ram's mate,ewe,NN
atc,2004,,Romano cheese milk source,ewe,NN
atc,2004,,"""The Seven Year Itch"" co-star",ewell,NNP
atc,2004,,"""The Seven Year Itch"" star",ewell,NNP
atc,2004,,Creamer relative,ewer,NN
atc,2004,,Pitcher,ewer,NNP
atc,2004,,Washstand item,ewer,NN
atc,2004,,Water vessel,ewer,NN
atc,2004,,Wide-spouted pitcher,ewer,NN
atc,2004,,Barnyard belles,ewes,NNS
atc,2004,,Flock females,ewes,NNS
atc,2004,,Lea ladies,ewes,NNS
atc,2004,,Rams' ma'ams,ewes,NNS
atc,2004,,Wool providers,ewes,NNS
atc,2004,,Woolly ones,ewes,NNS
atc,2004,,"""Dallas"" family",ewing,NNP
atc,2004,,"""Return of the Jedi"" critters",ewoks,NNS
atc,2004,,Letter-perfect,exact,JJ
atc,2004,,End of quip,exactlylikeit,JJ
atc,2004,,Glorify,exalt,VB
atc,2004,,"Course ender, often",exam,NN
atc,2004,,Midterm or final,exam,NN
atc,2004,,GRE and GMAT,exams,NNS
atc,2004,,Midterm and final,exams,NNS
atc,2004,,Waiter's response,excellentchoice,NN
atc,2004,,Save,except,IN
atc,2004,,English river,exe,NNP
atc,2004,,Mahogany Row denizen,exec,NN
atc,2004,,Put forth,exert,VB
atc,2004,,Put into action,exert,VB
atc,2004,,"Brings to bear, as influence",exerts,VBZ
atc,2004,,"""The First Wives' Club"" members",exes,NNS
atc,2004,,Former partners,exes,NNS
atc,2004,,Let out air,exhale,VB
atc,2004,,Lets out a sigh,exhales,VBZ
atc,2004,,Dig up,exhume,VB
atc,2004,,Banish,exile,NN
atc,2004,,Expatriate,exile,NN
atc,2004,,Member of the diaspora,exile,NN
atc,2004,,Departure,exit,NN
atc,2004,,Fire-escape sign,exit,NN
atc,2004,,Kind of poll,exit,JJ
atc,2004,,Part of a cloverleaf,exit,NN
atc,2004,,Sign at the Bijou,exit,NN
atc,2004,,Take a powder,exit,VB
atc,2004,,Take one's leave,exit,VB
