atc,2002,Film director ___ Lee,ang,NNP
atc,2002,Wear away,erode,VB
atc,2001,"Indy, for one",race,NN
atc,2004,Roman statesman,cato,NNP
atc,2001,Tempest spot?,teacup,NN
atc,2002,Royal jelly producer,bee,NN
atc,2002,Lady's address,maam,NN
atc,2002,Downed,ate,VBD
atc,2002,Sewing tool in LAW?,awl,NN
atc,2001,Board-room VIP,ceo,NN
atc,2004,Lyric poem,epode,NN
atc,2003,Court room fig.,atty,NN
atc,2003,Lunch order,blt,NN
atc,2002,Bits of schmaltz,sobstories,NNS
atc,2004,Cinch,pieceofcake,NN
atc,2004,"""Violets __ blue...""",are,VBZ
atc,2002,Marley's music,reggae,NN
atc,2003,One of the noble gases,xenon,NN
atc,2001,Deviate,vary,VB
atc,2002,Shutterbug's request,saycheese,VB
atc,2003,African republic,gambia,NNP
atc,2004,Canadian ___,geese,NNS
atc,2001,Jerry's straight man,dean,NN
atc,2004,Did some gardening,hoed,VBD
atc,2003,Hold off,defer,VB
atc,2002,Having a single element,unary,JJ
atc,2002,Richie Havens hit,herecomesthesun,NNP
atc,2002,KGB's cold-war counterpart,cia,NN
atc,2002,Avant-garde,arty,JJ
atc,2004,Periods of self-denial,fasts,NNS
atc,2004,"Flabby, and then some",obese,JJ
atc,2002,Sunburn soother,aloe,NN
atc,2004,Cookie-selling gr.,gsa,NN
atc,2001,Sale phrase,asis,NN
atc,2003,Sliced into sheets,sawn,VBD
atc,2002,Put a match to,lit,VBD
atc,2002,Kind of toast,melba,NN
atc,2001,Boo-boos,errors,NNS
atc,2001,Purple shade,amaranth,NN
atc,2003,Propels a watercraft manually,rows,VBZ
atc,2004,Hit by 39A,onemomentintime,NN
atc,2001,John of 67A,agar,NN
atc,2003,Skater Lipinsky,tara,NNP
atc,2001,Take a carbon 14 measurement,date,VB
atc,2002,An indefinitely long period of time,aeon,NN
atc,2002,"Dark, rich soil",loam,NN
atc,2003,Disgruntled,riled,VBN
atc,2002,Baby blues,eyes,NNS
atc,2003,Legitimate deduction,wife,NN
atc,2004,"""My __ and Only""",one,CD
atc,2001,Some radios,fms,NNS
atc,2001,Parts maker,oem,NN
atc,2002,Yemeni port,aden,NN
atc,2003,Automobiles,cars,NNS
atc,2003,Pre-___ (doc.track),med,NN
atc,2002,Atmosphere,aura,NN
atc,2002,Show dissension,squabble,VB
atc,2001,Dampens,wets,VBZ
atc,2002,Was in the hole,owed,VBD
atc,2004,Back of the neck,nape,NN
atc,2004,Isle of Man surrounder,irishsea,NNP
atc,2002,Doctoral dissertations,theses,NNS
atc,2003,Unoriginal,trite,JJ
atc,2004,Flattens,floors,VBZ
atc,2001,"""Yippee!""",wahoo,UH
atc,2002,Female ruff,reeve,NN
atc,2002,Singer Damone,vic,NNP
atc,2004,Galloway gal,lass,NNP
atc,2002,Prescribed amounts,doses,NNS
atc,2002,Figure out,see,VB
atc,2003,Strait-laced,prim,JJ
atc,2001,Indication,key,NN
atc,2001,City on the Danube,ulm,NNP
atc,2002,Fed Ness,eliot,NNP
atc,2001,Fast move,dart,VB
atc,2002,UFO pilots,ets,NNS
atc,2001,Wipe out,erase,VB
atc,2001,Exercise tape's promise,bunsofsteel,NN
atc,2001,"""Rock and Roll, Hoochie Koo"" singer",rickderringer,NNP
atc,2001,Italian noble family,este,NNP
atc,2003,"Stefano della ___, Richelieu's engraver",bella,NNP
atc,2003,Member of the sporting group,irishsetter,NNP
atc,2002,A snake charmed her,eve,NNP
atc,2002,Wine-taster's concern,year,NN
atc,2004,Taj Mahal site,agra,NNP
atc,2002,Quarterback John,elway,NNP
atc,2001,Accumulate,amass,VB
atc,2001,"""Victory at Sea""",longestsymphony,NNP
atc,2002,More than,plus,RB
atc,2004,Lutz alternative,axel,NNP
atc,2003,"Dr. Seuss's ""If ___ the Zoo""",iran,NNP
atc,2003,Paddle in the pool,swim,VB
atc,2002,Done,over,IN
atc,2004,Doyle's middle name (5),conan,NNP
atc,2004,Garfield,cat,NN
atc,2001,Uncomfortably damp,dank,JJ
atc,2002,Cook thriller,coma,NN
atc,2001,Muttonchops,sideburns,NNS
atc,2002,Brew-pub sights,vats,NNS
atc,2001,Irregular edge,erose,JJ
atc,2003,Capital of Ghana,accra,NNP
atc,2001,Nav. officer,ens,NN
atc,2003,Desk accessory,inkstand,NN
atc,2002,Sweater material,mohair,NN
atc,2002,"David of ""Falcon Crest""",selby,NNP
atc,2004,Agt.'s take,pct,NN
atc,2004,More dreadful,direr,JJR
atc,2002,Auto agreements,leases,NNS
atc,2003,A single one,unit,NN
atc,2001,French writer Victor ___,hugo,NNP
atc,2001,Claim,allege,VB
atc,2002,Social service?,tea,NN
atc,2003,Measure against,oppose,VB
atc,2001,"Water, in 20A",agua,NN
atc,2002,Most Twilight Zone-like,eeriest,JJS
atc,2003,"""The Divine Comedy"" poet",dante,NNP
atc,2003,Skeptic's grain,salt,NN
atc,2001,Archer's supplier,bowyer,NN
atc,2001,Partner of faith and charity,hope,NN
atc,2002,Squirrel away,stash,VB
atc,2003,She was often in ancient distress,damosel,NN
atc,2003,Decorating anew,redoing,VBG
atc,2002,Joe Six-pack's excess,beerbelly,NN
atc,2001,"""The Lion King"" lion",scar,NN
atc,2002,They take you to the top,tbars,NNS
atc,2002,With no value,zero,CD
atc,2001,Hair's partner,hide,NNP
atc,2004,Nota __,bene,NNP
atc,2002,Black Friday event,sale,NN
atc,2002,Internet insult,flame,VB
atc,2003,Robert and Elizabeth,doles,NNP
atc,2002,18-wheeler,semi,NN
atc,2001,___ cog (err),slipa,VB
atc,2004,Soprano Gluck,alma,NNP
atc,2002,Brownish,umber,JJ
atc,2002,Cardinal monogram,stl,NN
atc,2001,"Almost, to Shakespeare",anear,NN
atc,2004,Bay of Naples island,capri,NNP
atc,2003,Place of many flicks,ashtray,NN
atc,2003,Neighbor of Syr.,isr,NNP
atc,2001,Fathered,begotten,VBN
atc,2003,Comic strip possum,pogo,NNP
atc,2001,Trendy,chic,JJ
atc,2004,Flood,inundate,VB
atc,2001,McEntire of country,reba,NNP
atc,2003,River to the English Channel,orne,NNP
atc,2001,Sweater eater,moth,NN
atc,2004,Gobble,eat,VB
atc,2004,Algonquian language,arapaho,NNP
atc,2002,Bowling,tenpins,NNS
atc,2003,"""Turandot"" slave",liu,NNP
atc,2001,Including shipping: abbr.,ppd,NN
atc,2001,Who's there?,firstbass,NN
atc,2001,O.K. Corral guy,earp,NNP
atc,2001,Singer McEntire,reba,NNP
atc,2002,"Presque ___, ME",isle,NN
atc,2003,Tithing amount,tenth,JJ
atc,2002,Do penance,atone,VB
atc,2002,"""It's __-win situation!""",ano,JJ
atc,2002,Insurrectionist,rebel,NN
atc,2003,Enlighten,edify,VB
atc,2002,"""Chances __""",are,VBP
atc,2001,Poet Teasdale,sara,NNP
atc,2003,Kayaker's safe haven,eddy,NN
atc,2002,Spy Aldrich of '94 headlines,ames,NNP
atc,2002,First name in TV talk,merv,NNP
atc,2002,Expression of joy,ooh,UH
atc,2001,Arrogant,highhanded,JJ
atc,2002,Spine-chilling,eerie,JJ
atc,2003,Ingenuous to Yves,naif,NNP
atc,2004,Just __ (the slightest bit),atad,NN
atc,2002,"""The George & __ Show""",alana,NNP
atc,2004,April 1 victim,fool,NN
atc,2003,Expendable rocket,agena,NNP
atc,2004,Required,needed,VBN
atc,2004,"""__ Heroes""",hogans,PRP$
atc,2001,"""The Woman ____"" (Gene Wilder movie)",inred,NNP
atc,2004,Calloway of jazz,cab,NN
atc,2004,"The ""C"" in C. S. Lewis",clive,NNP
atc,2003,Hold up,detain,VB
atc,2001,Faltered,erred,VBN
atc,2001,Famed fountain,trevi,NNP
atc,2004,"Masked mammals, for short",coons,NNS
atc,2004,Flume floater,log,NN
atc,2003,Farm implement manufacturer,johndeere,NNP
atc,2004,__-cake,pata,NN
atc,2001,"Susan of ""L.A. Law""",dey,NNP
atc,2003,PA nuclear accident site,tmi,NNP
atc,2002,Kind of tooth or talk,sweet,JJ
atc,2003,Without ice,neat,JJ
atc,2003,"Rich Little, e.g.",aper,NNP
atc,2002,"Web site address, for short",url,NN
atc,2003,Place for refrigerator magnets,amana,NN
atc,2001,Bearlike,ursine,JJ
atc,2002,Subtle difference,nuance,NN
atc,2001,Judge Judy's org.,aba,NNP
atc,2004,Kicked out,booted,VBN
atc,2003,Small towns,dorps,NNS
atc,2003,Just,mere,JJ
atc,2003,Border lake,erie,NNP
atc,2001,Slaughter in baseball,enos,NNP
atc,2003,Not oblivious,alert,VB
atc,2002,Explosive noises,blasts,NNS
atc,2001,Wood shaper,lathe,NN
atc,2002,Gershwin or Levin,ira,NN
atc,2001,Makes provisions for,allows,VBZ
atc,2003,__-guzzler,gas,NN
atc,2002,Sibling's offspring,niece,NN
atc,2002,Empire State canal,erie,NNP
atc,2003,Kind of trip,ego,NN
atc,2004,Molecules composed of two identical others,dimers,NNS
atc,2003,One who carries on,ranter,NN
atc,2004,Famous fiddler,nero,NNP
atc,2003,Food warming shelf,hob,NNP
atc,2002,Most expansive,vastest,JJS
atc,2002,"""__ goes nothing!""",here,RB
atc,2001,Have another birthday,age,NN
atc,2002,Greek promenades,stoas,NNP
atc,2002,Ambushes,snipes,VBZ
atc,2003,Okefenokee Swamp resident,pogo,NNP
atc,2004,Not in use,idle,JJ
atc,2004,Omert... or bushido,code,NN
atc,2002,Slippery sort,eluder,NN
atc,2004,Humorist Bombeck,erma,NNP
atc,2003,Lapis follower,lazuli,NN
atc,2001,B-52 gr.,usaf,NNP
atc,2004,On __ (upright),end,NN
atc,2003,Chromosome collection,genome,NN
atc,2002,Nancy Drew's boyfriend,ned,NNP
atc,2003,Rite site,altar,NNP
atc,2002,Galoot,oaf,NN
atc,2003,Stick,cohere,VB
atc,2001,Wine: Prefix,oeno,NN
atc,2002,Stops up,dams,VBZ
atc,2002,He's a real doll,ken,NNP
atc,2002,Old witch,hag,NN
atc,2004,Legendary monsters,ogres,NNS
atc,2001,Broker's order,sell,VB
atc,2001,Like some winter days,snowy,JJ
atc,2003,VIXEN,ladyfox,NNP
atc,2003,Monty Python team member,palin,NNP
atc,2003,Go out of existence,ceasetobe,VB
atc,2002,Bunker command?,stifle,VB
atc,2004,Indefinite number,any,DT
atc,2003,Officiated,acted,VBN
atc,2002,Top movement,spin,NN
atc,2001,"Dries up, as a plant",wilts,VBZ
atc,2003,Garden implement,hoe,NN
atc,2004,Woes,ills,NNS
atc,2003,Target of Bonnie and Clyde,bank,NN
atc,2003,Small tower,tug,NN
atc,2004,In a proper manner,aright,NN
atc,2003,"""Wild Bill's"" WW II org.",oss,NN
atc,2004,Our Gang affirmative,otay,UH
atc,2002,Cavalryman,lancer,NN
atc,2003,From the Emerald Isle,irish,JJ
atc,2004,Greasy spoon,beanery,NN
atc,2002,Diner offering,hamsteak,NN
atc,2003,Grande or Plata,rio,NNP
atc,2003,Comprehend,grasp,VB
atc,2001,Paid attention to,obeyed,VBD
atc,2002,Fix in the mind,etch,VB
atc,2001,Swellings,nodes,NNS
atc,2002,__ smasher,atom,NN
atc,2003,Brenda of the comics,starr,NNP
atc,2001,Kind of protest,liein,NN
atc,2004,Lit barbecue,hotitem,NN
atc,2002,Snug as ___ in a rug,abug,NN
atc,2003,VP's security agreement,goldenparachute,NN
atc,2003,Singing voice,soprano,NN
atc,2003,Annoyances,pests,NNS
atc,2003,Separate grain,thresh,NN
atc,2003,Mitchell belle,ohara,NNP
atc,2003,One of the Santas,anita,NNP
atc,2003,"Driver's licenses, e.g.",ids,NNS
atc,2002,December ditties,carols,NNP
atc,2001,"With 50D, Irishman's rock of flattery",blarney,NNP
atc,2004,__ juice (milk),moo,NN
atc,2003,Underage coal-digger?,minorminer,NN
atc,2003,Klutzy comment,oops,NNS
atc,2003,Barnyard birds,fowls,NNS
atc,2004,__ one's loins,gird,VB
atc,2004,Bard's river,avon,NNP
atc,2003,Hockey great,orr,NNP
atc,2002,Deflect a blow,parry,VB
atc,2003,Existed,were,VBD
atc,2003,Lesser Antilles island,iledemargarita,NNP
atc,2003,One of the Gibbs,andy,NNP
atc,2001,Pajama style,babydoll,NN
atc,2004,"""So what __ is new?""",else,RB
atc,2003,Abie's girl,rose,NNP
atc,2003,One who's decamped?,awol,NN
atc,2001,Needed liniment,ached,VBN
atc,2004,"Clammer, e.g.",bayman,NN
atc,2003,Apropos of,inre,NN
atc,2002,Kind of certificate,gift,NN
atc,2002,Pay-as-you-go with these,checkbooks,NNS
atc,2004,Mata __,hari,NNP
atc,2002,Soup bean,pinto,NN
atc,2001,Military chaplain,padre,NN
atc,2003,Also,too,RB
atc,2002,Heaps,piles,NNS
atc,2003,Served well?,aced,VBN
atc,2004,Three-step dance,chacha,NN
atc,2003,Bara of old flicks,theda,NN
atc,2002,Island in the Aegean,delos,NNP
atc,2002,They're usually on the horn,lariats,NNS
atc,2004,Capone associate Frank,nitti,NNP
atc,2002,Curmudgeons,crabs,NNS
atc,2002,"Cartoon classic, with ""The""",flintstones,NNP
atc,2001,Grass cutter,mower,NN
atc,2002,Deuce follower,adin,NN
atc,2002,"""Road"" film destination",bali,NNP
atc,2002,"Nest egg, for short",ira,NN
atc,2004,Fast-shrinking sea,aral,JJ
atc,2003,Stimpy's pal,ren,NNP
atc,2004,Relief-giver,easer,NN
atc,2002,Kitty feed,ante,NN
atc,2004,Family,clan,NN
atc,2002,Formosan port,amoy,NNP
atc,2004,Carpenter's strip,lath,NN
atc,2004,Legend maker,acura,NNP
atc,2001,Harder to locate,rarer,JJR
atc,2002,Restrict,limit,VB
atc,2003,Discharge,unlade,VB
atc,2001,Blind as __,abat,NN
atc,2003,German industrial region,saar,NNP
atc,2002,Many moons,ages,NNS
atc,2004,Originates,creates,VBZ
atc,2003,Margarines,oleos,NNS
atc,2002,Hippodrome,arena,NN
atc,2004,Morse-code symbol,dash,NN
atc,2002,ON THE ...,lamaveragewhole,NN
atc,2003,One of The Seven Dwarfs,doc,NNP
atc,2002,"""Exodus"" hero",ari,NNP
atc,2003,Lovin' Spoonful hit,summerinthecity,NN
atc,2002,Hair coloring,dye,NN
atc,2001,Fabulist,liar,NN
atc,2002,Submachine gun,uzi,NN
atc,2003,Early Peruvian,inca,NNP
atc,2004,Airport area,gate,NN
atc,2002,"Worse, as excuses go",lamer,JJR
atc,2002,Thimblefuls,sips,NNS
atc,2002,Egg-shaped,oval,JJ
atc,2002,In the past,ago,RB
atc,2003,Turbulent scene,riot,NN
atc,2003,Presidential nickname,cal,NNP
atc,2001,Pencil filler,graphite,NN
atc,2004,Pistol-packing org.,nra,NN
atc,2003,Took out,dated,VBN
atc,2002,Symbol of thinness,rail,NN
atc,2001,Win every game,sweep,VB
atc,2003,Barely manage,eke,VB
atc,2004,Likewise,also,RB
atc,2002,Related,told,VBN
atc,2001,Like a sourball,tart,JJ
atc,2002,God of war,ares,NNP
atc,2002,No longer fashionable,out,JJ
atc,2002,"Use a fork, in a way",tune,VB
atc,2002,Magazine launched in 1978,self,NN
atc,2002,Rebecca's son,esau,NNP
atc,2002,Not to mention,and,CC
atc,2001,Behind the curtain,backstage,RB
atc,2001,"Kiefer, to Donald",son,NN
atc,2002,Hesitant sounds,ers,NNS
atc,2003,"""Dianetics"" author ___ Hubbard",lron,NNP
atc,2002,Pullman feature,berth,NNP
atc,2002,Big chunk,slab,NN
atc,2003,Meadow,lea,NNP
atc,2001,TKO caller,ref,NN
atc,2004,Catch some rays,bask,VB
atc,2001,Song of joy,carol,NN
atc,2002,Popular word game,hangman,NN
atc,2001,"""Dracula"" creator",stoker,NNP
atc,2002,Doo-wop classics,oldies,NNS
atc,2003,Ocean predator,orca,NN
atc,2001,Washed,laved,VBN
atc,2002,Hodgepodge,olio,NN
atc,2003,Musketeer,athos,NN
atc,2004,Can't live without,need,VB
atc,2002,Air spinner,propeller,NN
atc,2002,Primer,reader,NN
atc,2003,Screen image,icon,NN
atc,2003,Successor,heir,NN
atc,2003,Commenting on,noticing,VBG
atc,2001,May event,mothersday,NN
atc,2001,"Sage, for one",herb,NN
atc,2003,Western campus,ucla,NNP
atc,2004,Farm worker?,ant,NN
atc,2002,Bedewed,moist,JJ
atc,2001,Third generation of Japanese-Americans,sansei,NN
atc,2002,Completed,did,VBD
atc,1998,Stapled or paper-clipped,attached,VBD
atc,2003,Passing plays,laterals,NNS
atc,2001,Head honcho,chief,NN
atc,2003,Loads,tons,NNS
atc,2004,Clone: Abbr.,dbl,NN
atc,2004,Zone,area,NN
atc,2002,Off-Broadway award,obie,NNP
atc,2004,Lose one's heart?,fallinlove,VB
atc,2004,Pawnbrokers do it,buyandsell,NN
atc,2004,Fish sauce,alec,NN
atc,2002,Contented comments,ahs,NNS
atc,1999,Input devices,mice,NNS
atc,2002,Seating request,loge,NN
atc,2002,Those with egg on their face eat it,crow,NN
atc,2002,Gushed,spouted,VBD
atc,2002,Agree,cometoterms,VB
atc,2001,"""Thrilla in Manila"" victor",ali,NNP
atc,2003,Attribute to,refer,VB
atc,2003,"""Madame Bovary"" writer",flaubert,NNP
atc,2001,"Charlie of ""Platoon""",sheen,NN
atc,2003,Charles Lamb pseudonym,elia,NNP
atc,2003,Make a boo-boo,goof,VB
atc,2001,April initials,irs,NNP
atc,2003,Up and about,awake,JJ
atc,2003,Typing format,singlespace,NN
atc,2002,__ chi (exercise system),tai,NNP
atc,2004,Evans or Hunt,linda,NNP
atc,2002,"John, at sea?",head,NN
atc,2002,Funny man Brooks,mel,NNP
atc,2004,Redo the road,pave,VB
atc,2003,A great many,lots,NNS
atc,2004,Support gr.,alanon,NNP
atc,2004,Decorate,adorn,VB
atc,2002,Hero who led the defeat of three legions of Romans,armin,NNP
atc,2002,Garden spot,eden,NNP
atc,2002,Adventure,gest,NN
atc,2001,Birdbath organism,alga,NN
atc,2002,"Brogan, for one",shoe,NN
atc,2002,Tail end,stub,NN
atc,2002,Rambo rescuers,mias,NNS
atc,2002,Negative,minus,NN
atc,2001,"___ Bator, in Mongolia",ulan,NNP
atc,2001,Cookie guy,amos,NNP
atc,2003,By Jove!,egad,NNP
atc,2002,Actress Sommer,elke,NNP
atc,2003,Connecticut town,darien,NNP
atc,2004,Ottoman governor,bey,NNP
atc,2002,Pocket bread,pita,NN
atc,2002,"""Luck __ Lady Tonight""",bea,VB
atc,2003,Hot spot,oven,NN
atc,2004,Gaucho's plain,llano,NN
atc,2001,Stop beginner,non,NN
atc,2001,Cold cream brand,ponds,NNS
atc,2002,Kind of jockey,disc,NN
atc,2003,Catkin sources,alders,NNS
atc,2003,Worry about,stew,NN
atc,1998,Photo ___,ops,NNS
atc,2004,JFK quote starter,ask,VB
atc,2003,Spy on,snoop,VB
atc,2001,Writer Dostoyevsky,fyodor,NNP
atc,2004,Overhangs,eaves,NNS
atc,2002,Get in the way,impede,VB
atc,2002,Med. school grads,drs,NNS
atc,2004,Rock producer Brian,eno,NNP
atc,2002,Clarifying words,imean,NN
atc,2002,Outside the law,nonlegal,JJ
atc,2004,Enter,log,VB
atc,2002,Tagliabue's org.,nfl,NN
atc,2003,Play by Neil,lostinyonkers,NNP
atc,2003,"Daly of ""Cagney & Lacey""",tyne,NNP
atc,2003,Gold Coast language,tshi,NNP
atc,2001,"Chevron, to Sarge",insignia,NN
atc,2001,Makes level,trues,VBZ
atc,2001,Calabooses,stirs,NNS
atc,2004,Kind of pick or pack,ice,NN
atc,2001,Classic start,neo,JJ
atc,2003,Unusual's partner?,cruel,JJ
atc,2001,"Colossal, moviewise",epic,JJ
atc,2002,Befuddled,atsea,NN
atc,2002,Asian currency,kip,NN
atc,2003,Novelist Wiesel,elie,NNP
atc,1998,With good cheer,jovially,RB
atc,2002,Big name in chicken,tyson,NNP
atc,2002,Dispatched,sent,VBD
atc,2003,Comic Johnson,arte,NNP
atc,2002,Booster amount,dose,NN
atc,2003,Draft org.,sss,NN
atc,2002,"""__ Fine Day""",one,CD
atc,2002,Court divider,net,NN
atc,2003,Pickling guru?,dillmaster,NN
atc,2003,Shockers,eels,NNS
atc,2001,Feed the kitty,ante,NN
atc,2002,Upper case letters,capitals,NNS
atc,2003,Adoration,love,NN
atc,2002,Where rye is ordered,deli,NN
atc,2002,Cookie king Wally,amos,NNP
atc,2003,One of the Cartwright brothers?,littlejoe,NNP
atc,2004,They'd rather study than party,nerds,NNS
atc,2003,Happen upon,meet,VB
atc,2004,"Last word of Shelley's ""Adonais""",are,VBP
atc,2003,"Kingdom divisions, biologically",phyla,NNS
atc,2004,"""Not __!"" (""Never!"")",onabet,RB
atc,2003,Shakespeare's stream,avon,NNP
atc,2002,He's before the ump,catcher,NN
atc,2003,Dense clumps,tufts,NNS
atc,2004,Two-fer menu item?,crabapples,NNS
atc,2003,Molding shape,ogee,NN
atc,2004,Part of HOMES,erie,NN
atc,2002,"William of ""Hopalong Cassidy""",boyd,NNP
atc,2004,Sign element,neon,NN
atc,2001,Dismiss,axe,VB
atc,2002,Lipstick colors,reds,NNS
atc,2004,"Richard of ""A Summer Place""",egan,NNP
atc,2001,Cause to cohere,bind,VB
atc,2004,APB broadcasters,pds,NNS
atc,2003,"""Where The Boys ___""",are,VBP
atc,2002,Niles's big brother,frasiercrane,NNP
atc,2003,Suffix with silver or glass,ware,NN
atc,2001,Take a breath,inhale,VB
atc,2001,Walk in,enter,VB
atc,2004,Shipment,load,NN
atc,2002,Thumbs-downs,noes,NNS
atc,2003,Czechoslovakian city,nitra,NNP
atc,2002,"Prepare, as a contract",drawup,VB
atc,2002,Defeat overwhelmingly,skunk,VB
atc,2002,Grapefruit serving,half,NN
atc,2001,Cream of the crop,elite,JJ
atc,2001,Clear the weeds,hoe,VB
atc,2002,Next to nothing,beans,NNS
atc,2001,Combine varieties,blend,VB
atc,2003,Send out matter,emit,VB
atc,2004,"Kunta of ""Roots""",kinte,NNP
atc,2002,Spicy dip,salsa,NN
atc,2004,Dimple spot,chin,NN
atc,2004,Lab dish,petri,NN
atc,2001,Succulent plants,cacti,NNS
atc,2003,TWO,peasinapod,NNS
atc,2003,Northwestern st.,ore,NNP
atc,2003,Neck and neck,even,RB
atc,2004,Armpits,axilla,NNS
atc,2002,Actress Hagen,uta,NNP
atc,2001,Nebraskan natives,otos,NNS
atc,2001,Shoebox datum,width,NN
atc,2003,Distinctive doctrines,isms,NNS
atc,2003,Oriental bloom,lotus,NN
atc,2001,Like howls in the night,eerie,JJ
atc,2003,Office misadventures,telephonetag,NN
atc,2002,Whirlpool,eddy,NN
atc,2001,Pamplonan street sounds,oles,NNS
atc,2003,Family chart,tree,NN
atc,2001,Seasonal sight,chanukahmenorah,NNP
atc,2002,Bill-changer instruction,insert,VB
atc,2004,Actor Conrad,bain,NNP
atc,2003,Fashion Police focus,badtaste,NN
atc,2002,Traded without exchange of money,bartered,VBN
atc,2001,Diarist Anais,nin,NNP
atc,2002,Examines,assays,VBZ
atc,2002,Diner sandwiches,blts,NNS
atc,2003,Incapable of being affected,impervious,JJ
atc,2003,Some cars,xls,NNS
atc,2003,NNW's opposite,sse,NN
atc,2004,"""There oughta be __!""",alaw,NN
atc,2001,Loosen a four-in-hand,untie,VB
atc,2001,"""...face that would ____ clock""",stopa,VB
atc,2003,After bath dust,talc,NN
atc,2004,"""Bye-bye, Brigitte""",adieu,NN
atc,2004,Utah ski resort,alta,NNP
atc,2004,Card-game starter,ante,NN
atc,2001,Started the day right?,milked,VBD
atc,2004,Winged,alar,NN
atc,2002,Bring together a great quantity,amass,VB
atc,2002,Western pub,saloon,NN
atc,2002,"""Nancy"" rich kid",rollo,NNP
atc,2001,Top dog,exec,NN
atc,2003,Cry of encouragement,goforit,VB
atc,2002,Prehistoric life pursuer,palaeontologist,NN
atc,2001,Haydn or Hemingway,papa,NN
atc,2003,Cheek,sass,NN
atc,2004,Judges' group,panel,NN
atc,2002,Go for fluke,angle,NN
atc,2003,Kind of session,rap,NN
atc,2003,Accounting entry,debit,NN
atc,2001,Adored ones,idols,NNS
atc,2002,Evaluator,rater,NN
atc,2002,Water-heating tank,boiler,NN
atc,2003,At this time,nowadays,RB
atc,2004,Albatross,gooney,NN
atc,2003,Wrap up,enfold,VB
atc,2002,Playground,yard,NN
atc,2002,Giant's syllable,fee,NN
atc,2003,Robert De ___,niro,NNP
atc,2001,Morale,esprit,NN
atc,2002,Abu Dhabi's federation: Abbr.,uae,NNP
atc,2002,Settled,agreed,VBD
atc,2003,Like Radio City Music Hall,artdeco,NN
atc,2001,___ no good,upto,IN
atc,2002,Floater,raft,NN
atc,2001,Drags along,tows,VBZ
atc,2001,Trumpeting birds,cranes,NNS
atc,2004,Newts,efts,NNS
atc,2004,Molded jelly,aspic,NN
atc,2003,Does high-tech surgery,lases,NNS
atc,2001,Refined,urbane,JJ
atc,2003,Excellent serve,ace,JJ
atc,2004,Guitarist Clapton,eric,NNP
atc,2003,Wonderland character,hare,NN
atc,2001,Lobster-dinner need,bib,NN
atc,2003,"Wight, for one",isle,NN
atc,2003,Harness piece,rein,NN
atc,1999,Fed lines to,cued,VBD
atc,2001,Psychologist Carl,jung,NNP
atc,2001,Express alternative,local,JJ
atc,2002,Tie securer,clasp,NN
atc,2003,Northern Minnesota resort capital,ranier,NN
atc,2003,Bog product,peat,NN
atc,2002,Ceremonial weapon,saber,NN
atc,2001,Purpose,use,NN
atc,2001,High-nosed one,snob,NN
atc,2002,High-tech recording medium,dat,NN
atc,2004,Groups of monkeys?,barrels,NNS
atc,2004,Renaissance figure Borgia,cesare,NNP
atc,2003,Sandy or Roberto,alomar,NNP
atc,2002,"""__ boy!""",atta,UH
atc,2004,Pull hard,jerk,VB
atc,2002,__ Valdez (oil-spiller of '89),exxon,NNP
atc,2001,Laid up,ill,JJ
atc,2001,Radical '60s gr.,sds,NN
atc,2004,Rod-shaped spores,bacilli,NNS
atc,2002,Accountable person?,cpa,NN
atc,2004,Like a famous office,oval,JJ
atc,2003,"""The Waste Land"" poet's monogram",tse,NNP
atc,2003,Mine passage,shaft,NN
atc,2002,Christian __,era,NN
atc,2002,Got lower,deepened,VBD
atc,2003,"""Time"" extension?",renewal,NN
atc,2004,Diamond of fame,neil,NNP
atc,2004,Medium quality?,esp,NN
atc,2001,Amerind,ute,NN
atc,2002,"""Spare the __ ...""",rod,NN
atc,2001,Word with rumble or bucket,seat,NN
atc,2003,Snorkel or Friday,sgt,NN
atc,2001,"Steinway, e.g.",piano,NN
atc,2004,Impasse,mexicanstandoff,NN
atc,2003,Guts,insides,NNS
atc,2004,"""Bird"" played it",alto,NN
atc,2003,"2000, e.g.",year,NN
atc,2003,Inlet,backwater,NN
atc,2003,Frankenstein star,boris,NNP
atc,2001,Elliptical,oval,JJ
atc,2001,Turn on an axis,slue,VB
atc,2003,Bulwarks,bastions,NNS
atc,2003,Heinous,evil,JJ
atc,2003,Take the helm,steer,VB
atc,2002,Terrestrial amphibians,efts,NNS
atc,2004,1994 Alpine skiing gold medalist Tommy,moe,NNP
atc,2002,Past,ago,RB
atc,2001,Stained-glass artist's need,solderingfe,NN
atc,2004,Teary,mistyeyed,JJ
atc,2002,Rocker Berry,chuck,NNP
atc,2004,Trip components,legs,NNS
atc,2001,Booty,swag,NN
atc,2002,Enviable assignment,plum,NN
atc,2002,Muezzin's God,allah,NNP
atc,2004,Twelve,noon,NN
atc,2003,Writer Ambler,eric,NNP
atc,2003,Congressional vote,nay,NN
atc,2001,"Mary Poppins, for one",nanny,NN
atc,2004,Native,inborn,JJ
atc,2002,After-dinner freebies,mints,NNS
atc,2002,Actress Magnani,anna,NNP
atc,2001,Pitcher,ewer,NNP
atc,2004,Porkpie feature,brim,NN
atc,2003,Quote,cite,VB
atc,2001,Scandinavian flier,sas,NN
atc,2001,Post-B.A. test,gre,NN
atc,2002,"""No __!""",cando,VB
atc,2001,Up to the job,able,JJ
atc,2002,Like summer tea,iced,JJ
atc,2004,One of 24,hour,NN
atc,2002,Give a buzz,call,NN
atc,2003,Goo unit,glob,NN
atc,2001,"Anaheim Angel, Benji ____",gil,NNP
atc,2004,Ruminant's chaw,cud,NN
atc,2001,Hooligan,vandal,NN
atc,2001,Idolizes,dotes,VBZ
atc,2002,"""____ tale's best for winter"": Shak.",asad,NNP
atc,2002,Therefore,ergo,VB
atc,2001,Pinball flub,tilt,NN
atc,2004,Oily group?,opec,NN
atc,2003,Colony in Iowa,amana,NNP
atc,2003,Despot,ruler,NN
atc,2001,Pillow-filling fiber,kapok,NN
atc,2002,One-fifth of DX,cii,NN
atc,2002,"""Wide World of Sports"" creator Arledge",roone,NNP
atc,2002,Part of speech,noun,NN
atc,2003,Quote (Part III),government,NN
atc,2001,Silliness,highjinks,NNS
atc,2002,Praise,laud,VB
atc,2001,Face part,feature,NN
atc,2001,Whipped cream-topped beverage,irishcoffee,NN
atc,2003,Reps,agts,NNS
atc,2003,Gambrel or mansard,roof,NN
atc,2002,Paul's ex-singing partner,art,NN
atc,2001,British bonnet,hood,NN
atc,2003,"Zip, to Zapata",nada,NN
atc,2001,East ender,ern,NN
atc,2001,Actress Paquin,anna,NNP
atc,2004,Wise trio,magi,NNS
atc,2003,Country lane,path,NN
atc,2004,Set a lofty goal,aspire,VB
atc,2002,Marc Antony's love,amor,NN
atc,2003,Gist,nub,NN
atc,2003,Deceit,sham,NN
atc,2001,Song by Paul,homewardbound,NN
atc,2004,"Wallace novel, ""The ___ Just Men""",four,CD
atc,2004,Wealthy widow,dowager,NN
atc,2003,Sent out shafts of light,rayed,VBD
atc,2003,Actor Sharif,omar,NNP
atc,2003,NYSE relative,amex,NNP
atc,2001,Former UN member,ussr,NNP
atc,2001,Gift-getter,donee,NN
atc,2002,Part of LAN,area,NN
atc,2004,Broken bone protector,cast,NN
atc,2004,Cope with change,adapt,VB
atc,2002,Cashmere and merino,wools,NNS
atc,2003,Actor Casey,kasem,NNP
atc,2004,"""Golden Boy"" writer Clifford",odets,NNP
atc,2004,Composition for an ennead,nonet,NN
atc,2002,Nora's pooch,asta,NNP
atc,2001,Marx or Lenin follower,ism,NN
atc,2003,Japanese city on Honshu,kyoto,NNP
atc,2004,Burns classic,ohgod,NNP
atc,2001,Once more,anew,RB
atc,2002,Dragnet's Jack,webb,NNP
atc,2002,Press on,urge,NN
atc,2002,"""Ben Hur"" director William",wyler,NNP
atc,2004,Betrayer,judas,NNP
atc,2004,With deep sincerity,earnestly,RB
atc,2004,Machinist's wedge,gib,NN
atc,2003,Flower part,sepal,NN
atc,2003,Tart-tasting,acerb,JJ
atc,2001,Cookie king Wally,amos,NNP
atc,2001,Like a single sock,odd,JJ
atc,2003,Penn and Teller's specialty,magic,NN
atc,2003,Back in time,ago,RB
atc,2004,Skier Reinalter,edy,NNP
atc,2004,Med. insurance option,hmo,NN
atc,2002,Code word?,morse,NNP
atc,2002,Min. fractions,secs,NNS
atc,2002,Aim: Abbr.,obj,NN
atc,2003,Man or Wight,isle,NN
atc,2001,Rob Reiner's dad,carl,NNP
atc,2003,Encouraged,urged,VBD
atc,2001,Mount the soapbox,orate,VB
atc,2003,More Ill-mannered,ruder,JJR
atc,2003,Racing coup,triplecrown,NNP
atc,2004,Caruso number,aria,NNP
atc,2003,Otherwise,else,RB
atc,2001,Gargantuan,large,JJ
atc,2001,Hag,crone,NN
atc,2004,Greek letters,nus,NNS
atc,2002,Moved like a river,coursed,VBD
atc,2003,Boy Scouts earn them,badges,NNS
atc,2003,Ripped,tore,VBD
atc,2001,David Addison,brucewillis,NNP
atc,2001,Really strange,eerie,JJ
atc,2002,Earth tone,ochre,NN
atc,2001,Sandberg of the Cubs,ryne,NNP
atc,2004,Brotherhood members,monks,NNS
atc,2003,Elliptical,oval,NN
atc,2004,"""__ Rappaport""",imnot,NNP
atc,2001,Titillate,amuse,VB
atc,2001,Knight's carry-on,lance,NN
atc,2003,Part of eye makeup,retina,NN
atc,2003,Use a camera,shoot,VB
atc,2002,Dash,elan,NNP
atc,2001,Monopoly cube,die,NNS
atc,2003,To ____ (certainly!),besure,JJ
atc,2002,Controversial orchard spray,alar,NN
atc,2003,Cranberry field,bog,NN
atc,2001,Pound an Underwood,type,NN
atc,2003,A step up,rung,NN
atc,2001,Add spice to wine,mull,VB
atc,2004,Essence,gist,NN
atc,2002,Subterfuge,ruse,NN
atc,2004,Snack chip,frito,NNP
atc,2001,Give an assist to,aid,VB
atc,2003,Appendectomy reminder,scar,NN
atc,2001,Collided and rebounded,caromed,VBD
atc,2001,"He ""stung like a bee""",ali,NNP
atc,2003,Barber shop?,clipjoint,NN
atc,2004,Start the Model T,crank,NN
atc,2004,Oft-lied-about personal stat,age,NN
atc,2002,Sudden outpouring of PATES?,spate,NN
atc,2003,All thumbs,inept,JJ
atc,2001,Seagull,erne,NNP
atc,2002,Type of moss,peat,NN
atc,2001,Malodorous,areek,JJ
atc,2003,Make sure of,ice,NN
atc,2002,Ivy League school,yale,NNP
atc,2003,Fixes election results,rigs,NNS
atc,2003,Young adults,teens,NNS
atc,2002,Tennessee tight end,titan,NN
atc,2002,Attack,seton,NN
atc,2001,"""In-A-Gadda-Da-__""",vida,NN
atc,2003,Last word,amen,UH
atc,2002,Eastwood role,dirtyharry,NNP
atc,2002,Square,even,RB
atc,2002,Liner route,sealane,NN
atc,2003,Midnight,twelve,CD
atc,2002,Rage,fad,NN
atc,2001,Conductor Zubin,mehta,NNP
atc,2003,Aspen feature,skislopes,NNS
atc,2003,Some votes,yeas,NNS
atc,2003,Telecom giant,gte,NNP
atc,2003,Ear-related prefix,oto,NN
atc,2002,Object of a hunt,egg,NN
atc,2003,Gladiator's venue,arena,NN
atc,2001,"""Pequod"" skipper",ahab,NNP
atc,2001,Part of 49A,luxurytax,NN
atc,2001,Secretary Powell's Department,state,NN
atc,2004,Lilly or Terry,eli,NNP
atc,2003,Pouchlike structure,sac,NN
atc,2001,Pedestal parts,dados,NNS
atc,2002,Diane or Forrest,sawyer,NNP
atc,2004,Speed-skater Heiden,eric,NNP
atc,2004,Christmas carol,noel,NN
atc,2002,Toy store purchase,birthdaypresent,NN
atc,2003,Salad pepper-upper,onion,NN
atc,2002,Certain mod music,rap,NN
atc,2002,Reviewer Judith,crist,NNP
atc,2004,"Richard of ""A Summer Place""",egan,NNP
atc,2002,Puts off,tables,NNS
atc,2002,"Colleges, to Aussies",unis,NNS
atc,2001,Jagger of the Rolling Stones,mick,NNP
atc,2002,Peach pit,seed,NN
atc,2004,Dracula's closetful,capes,NNS
atc,2001,Word with ice or cold,cream,NN
atc,2004,Periodic table members,elements,NNS
atc,2001,High-tech recording media,dats,NNS
atc,2002,Steering gear,tiller,NN
atc,2003,Cut glass,etch,VB
atc,2002,Put out,release,VB
atc,2003,___-eyed,sloe,JJ
atc,2003,Well-known sculpture,david,NNP
atc,2002,Stew vegetable,okra,NN
atc,2001,Flood insurance?,ark,NN
atc,2002,Drool,slobber,NN
atc,2004,Jane Eyre's love,edwardrochester,NNP
atc,2003,God of the winds,aeolus,NNP
atc,2002,Visualize,see,VB
atc,2003,Cinema canine,asta,NNP
atc,2002,Ecology agcy.,epa,NNP
atc,2001,"""Telephone Line"" band",elo,NNP
atc,2003,Faction,sect,NN
atc,2003,Three-part painting,triptych,NN
atc,2001,Advertising-industry award,clio,NN
atc,2002,Living room setting,decor,NN
atc,2003,Gift-getter,donee,NN
atc,2003,Help,aid,NN
atc,2002,Singer Davis,mac,NNP
atc,2002,Handled roughly,pawed,VBD
atc,2004,Cooking chamber,oven,NN
atc,2003,Bridge,span,NN
atc,2002,CBer's name,handle,NN
atc,2003,Water down,hose,VB
atc,2001,Philosopher Descartes,rene,NNP
atc,2002,Kramden's collection,fare,NN
atc,2001,Boxer's blow,jab,NN
atc,2002,Giant of a Giant,ott,NN
atc,2003,Exclamation of triumph,aha,UH
atc,2003,Showy flower,aster,NN
atc,2004,Pretense,guise,NN
atc,2004,Short swims,dips,NNS
atc,2003,Extinct ostrich,moa,NN
atc,2001,Hone,whet,VB
atc,2002,Take lots?,draw,VB
atc,2003,Test,exam,NN
atc,2001,Meet event,race,NN
atc,2003,Winglike,alae,NN
atc,2002,Commend,praise,VB
atc,2002,Squid secretion,ink,NN
atc,2001,Melville work,omoo,NNP
atc,2001,Not me,you,PRP
atc,2003,Brewed beverage,tea,NN
atc,2002,Gumbo veggie,okra,NN
atc,2004,Passbook abbr.,acct,NN
atc,2001,Christmas,noel,NN
atc,2004,For each,per,IN
atc,2002,Remains,waits,VBZ
atc,2004,Each,apop,DT
atc,2001,Crete's highest mountain,ida,NNP
atc,2002,Golden Rule word,unto,IN
atc,2004,Med. school subject,anat,NN
atc,2002,Made amends,atoned,VBD
atc,2003,Exodus origin,egypt,NNP
atc,2001,Rock producer Brian,eno,NNP
atc,2002,Cimmerian,ebon,NNP
atc,2004,Gardener's gadget,clippers,NN
atc,2001,Head of France,tete,NNP
atc,2002,Flower part,sepal,NN
atc,2001,Sofa protectors,slipcovers,NNS
atc,2001,Pack to the future?,tarot,NNP
atc,2003,Durango dinero,peso,NNP
atc,2001,Be imaginative,ideate,VB
atc,2001,Gust of wind,scud,NN
atc,2004,Ryan or Tatum,oneal,NNP
atc,2002,Filed item,nail,NN
atc,2004,Legendary Giant,ott,NNP
atc,2004,Cape Canaveral gr.,nasa,NNP
atc,2002,"""The Thin Man"" terrier",asta,NNP
atc,2003,Mariachi band instrument,maraca,NN
atc,2004,Ancient mariner,noah,NNP
atc,2004,Parthenon goddess,athena,NNP
atc,2001,Aphrodite's offspring,eros,NNP
atc,2002,Immoral,low,JJ
atc,2002,Moore or Bradshaw,terry,NNP
atc,2001,Some photos,cheesecake,NN
atc,2003,Sounded catty?,mewed,VBD
atc,2002,Make a message secret,encode,VB
atc,2003,Knock-__,kneed,VBD
atc,2003,Circular game piece,quoit,NN
atc,2001,__ Lingus,aer,NNP
atc,2003,Favorite,pet,NN
atc,2004,Was a varsity standout,lettered,JJ
atc,2001,Revs the motor,guns,VBZ
atc,2002,Nevada city,elko,NNP
atc,2001,Unoriginal,trite,JJ
atc,2003,In an obscure manner,dimly,JJ
atc,2001,Hurricane or blizzard,storm,NN
atc,2003,Peg with a concave top,tee,NN
atc,2003,Great service?,ace,JJ
atc,2002,Grid Hall of Famer Bobby,layne,NNP
atc,2002,Heavy hammer,maul,NN
atc,2003,Privy to,inon,JJ
atc,2001,Idle chatterers,praters,NNS
atc,2002,Darling's dog,nana,NNP
atc,2002,Useful DOS function,edit,NN
atc,2001,Vanna's venue,wheeloffortune,NN
atc,2003,Nudge,elbow,VB
atc,2004,Charles Lamb pseudonym,elia,NNP
atc,2004,Spars,masts,NNS
atc,2004,Rattle,jar,VB
atc,2003,One of the Boyers of baseball,clete,NNP
atc,2003,Heredity init.,rna,NN
atc,2001,Dummy Mortimer,snerd,NN
atc,2002,"Means justification, to some",ends,NNS
atc,1999,Biblical verb,hast,VB
atc,2003,Squander,waste,VB
atc,2001,Phillips University town,enid,NNP
atc,2001,Bon Jovi of rock,jon,NNP
atc,2003,Nudge with a joint,elbow,VB
atc,2003,"""Fahrenheit 451"" actor Werner",oskar,NNP
atc,2002,Pastrami palace,deli,NN
atc,2003,"""__ Haw""",hee,UH
atc,2004,Whoopee!,ohboy,UH
atc,2003,1934 Douglas Freeman biography,relee,NNP
atc,2002,Roads in old Rome,iters,NNS
atc,2003,Medicinal plant,senna,NN
atc,2003,Not monaural,hifiorstereo,JJ
atc,2003,After-bath powder,talc,NN
atc,2003,She's a dear,abby,NNP
atc,2002,"""National Velvet"" author Bagnold",enid,NNP
atc,2004,Beep,page,VB
atc,2004,Apple remnant,core,NN
atc,2001,More untidy,messier,JJR
atc,2002,Carp kin,dace,NN
atc,2004,Rim,edge,NN
atc,2003,Brazilian actress Sonia,braga,NNP
atc,2001,Ref's pregame duty,toss,VB
atc,2003,Closet invader,moth,NN
atc,2001,Acquittal ploy,alibi,NN
atc,2003,Bignonia-family shrub,jacaranda,NN
atc,2001,Envelope attachment,stamp,NN
atc,2003,Loosen,untie,VB
atc,2003,Work on the road?,tar,NN
atc,2002,Heated argument,setto,NN
atc,2004,"Fin, in slang",five,CD
atc,2003,Red dye,eosin,NN
atc,2003,Stick,adhere,VB
atc,2003,Bugs ___,bunny,NN
atc,2002,Clueless,asea,NN
atc,2004,Dr. Frankenstein's assistant,igor,NNP
atc,2003,Fuzzy fruit,kiwis,NN
atc,2001,Gel agent,agar,NN
atc,2002,Totally opposite,polar,JJ
atc,2002,Birdie beater,eagle,NN
atc,2003,Just like,ala,IN
atc,2003,Unoccupied,vacant,JJ
atc,2003,First name in daredeviltry,evel,NNP
atc,2003,Sculpture,bust,NN
atc,2001,"""So that's it!""",aha,UH
atc,2003,Wanted poster word,alias,NN
atc,2001,Word of dismay,alas,UH
atc,2004,Elaborate event,fete,NN
atc,2004,"Eight, in combinations",octa,NN
atc,2003,"""Deck the _____....""",halls,NNS
atc,2004,Border marker,fence,NN
atc,2004,Legal tender,lucre,NN
atc,2002,Ear cleaner,qtip,NN
atc,2004,Worker safety gr.,osha,NNP
atc,2003,Japanese Beatle?,ono,NNP
atc,2003,Art deco illustrator,erte,NNP
atc,2002,Computer junkie,geek,NN
atc,2001,Galbraith's subj.,econ,NN
atc,2002,Foes,opponents,NNS
atc,2004,Foil,balk,VB
atc,2004,Free-for-all,affray,NN
